close;open;high;low
1.09430;1.09360;1.09455;1.09340
1.09400;1.09376;1.09426;1.09340
1.09430;1.09400;1.09432;1.09370
1.09395;1.09430;1.09435;1.09385
1.09368;1.09435;1.09485;1.09350
1.09370;1.09360;1.09410;1.09340
1.09370;1.09370;1.09415;1.09360
1.09380;1.09360;1.09405;1.09335
1.09350;1.09395;1.09395;1.09320
1.09410;1.09346;1.09410;1.09320
1.09309;1.09390;1.09410;1.09280
1.09290;1.09300;1.09395;1.09250
1.09290;1.09300;1.09390;1.09270
1.09110;1.09280;1.09305;1.09100
1.09190;1.09110;1.09205;1.09070
1.09220;1.09200;1.09280;1.09170
1.09260;1.09220;1.09300;1.09200
1.09170;1.09260;1.09260;1.09170
1.09220;1.09190;1.09265;1.09127
1.09220;1.09220;1.09305;1.09220
1.09170;1.09220;1.09260;1.09160
1.09175;1.09170;1.09215;1.09160
1.09200;1.09195;1.09225;1.09162
1.09185;1.09193;1.09235;1.09180
1.09210;1.09190;1.09255;1.09170
1.09220;1.09245;1.09285;1.09200
1.09245;1.09220;1.09285;1.09220
1.09230;1.09220;1.09265;1.09190
1.09200;1.09240;1.09260;1.09165
1.09140;1.09200;1.09225;1.09110
1.09221;1.09130;1.09240;1.09110
1.09190;1.09224;1.09240;1.09180
1.09140;1.09200;1.09200;1.09130
1.09260;1.09130;1.09260;1.09110
1.09220;1.09260;1.09320;1.09200
1.09460;1.09217;1.09470;1.09150
1.09380;1.09450;1.09450;1.09320
1.09250;1.09380;1.09410;1.09220
1.09280;1.09240;1.09340;1.09240
1.09280;1.09280;1.09335;1.09220
1.09193;1.09300;1.09360;1.09120
1.09170;1.09190;1.09240;1.09070
1.09016;1.09150;1.09200;1.08920
1.09000;1.09010;1.09115;1.08990
1.09150;1.08990;1.09170;1.08960
1.09150;1.09150;1.09170;1.09127
1.09170;1.09158;1.09185;1.09110
1.09130;1.09170;1.09176;1.09090
1.09170;1.09130;1.09195;1.09125
1.09190;1.09174;1.09265;1.09155
1.09193;1.09180;1.09225;1.09170
1.09200;1.09190;1.09235;1.09180
1.09170;1.09200;1.09215;1.09150
1.09140;1.09160;1.09170;1.09110
1.09130;1.09150;1.09225;1.09110
1.09149;1.09130;1.09170;1.09124
1.09170;1.09149;1.09215;1.09144
1.09130;1.09170;1.09176;1.09103
1.09100;1.09110;1.09170;1.09050
1.09140;1.09110;1.09200;1.09090
1.09240;1.09130;1.09340;1.09090
1.09170;1.09260;1.09300;1.09170
1.09180;1.09160;1.09260;1.09130
1.09240;1.09180;1.09260;1.09168
1.09260;1.09240;1.09265;1.09090
1.09260;1.09240;1.09300;1.09110
1.09550;1.09270;1.09640;1.09220
1.09507;1.09540;1.09570;1.09430
1.09700;1.09510;1.09740;1.09490
1.09780;1.09700;1.09790;1.09670
1.09850;1.09790;1.09910;1.09760
1.09890;1.09850;1.09890;1.09810
1.09895;1.09870;1.09915;1.09850
1.09875;1.09864;1.10015;1.09830
1.09945;1.09840;1.09945;1.09840
1.09910;1.09900;1.09935;1.09890
1.09905;1.09910;1.09930;1.09870
1.09950;1.09880;1.09965;1.09870
1.09931;1.09938;1.09955;1.09890
1.09926;1.09936;1.09955;1.09910
1.09871;1.09930;1.09945;1.09870
1.09857;1.09870;1.09910;1.09850
1.09830;1.09870;1.09910;1.09810
1.09955;1.09810;1.10000;1.09800
1.09930;1.09950;1.10040;1.09870
1.10040;1.09930;1.10040;1.09924
1.10050;1.10018;1.10080;1.10000
1.09896;1.10050;1.10110;1.09880
1.09830;1.09910;1.10020;1.09810
1.09810;1.09810;1.09850;1.09680
1.09580;1.09810;1.09890;1.09580
1.09530;1.09600;1.09665;1.09530
1.09553;1.09520;1.09575;1.09490
1.09580;1.09550;1.09580;1.09500
1.09590;1.09580;1.09600;1.09510
1.09573;1.09600;1.09620;1.09548
1.09575;1.09580;1.09595;1.09530
1.09550;1.09555;1.09705;1.09550
1.09537;1.09550;1.09575;1.09530
1.09560;1.09540;1.09585;1.09530
1.09550;1.09550;1.09580;1.09525
1.09469;1.09550;1.09575;1.09460
1.09390;1.09466;1.09470;1.09320
1.09352;1.09385;1.09415;1.09350
1.09330;1.09355;1.09371;1.09290
1.09340;1.09340;1.09340;1.09277
1.09240;1.09320;1.09340;1.09200
1.08690;1.09220;1.09265;1.08540
1.08490;1.08690;1.08750;1.08480
1.08620;1.08480;1.08630;1.08440
1.08690;1.08610;1.08730;1.08610
1.08764;1.08680;1.08800;1.08660
1.08860;1.08760;1.08960;1.08760
1.08840;1.08870;1.09030;1.08840
1.08820;1.08860;1.08990;1.08780
1.08870;1.08830;1.08925;1.08780
1.08853;1.08880;1.08905;1.08820
1.08940;1.08860;1.08985;1.08860
1.08920;1.08950;1.08955;1.08880
1.08920;1.08920;1.08945;1.08880
1.08945;1.08900;1.08985;1.08900
1.09012;1.09060;1.09070;1.08980
1.09063;1.08980;1.09070;1.08970
1.09063;1.09060;1.09075;1.09030
1.09050;1.09070;1.09095;1.08990
1.09030;1.09055;1.09100;1.09010
1.09050;1.09040;1.09105;1.09030
1.09060;1.09045;1.09105;1.09030
1.09030;1.09070;1.09095;1.08990
1.09070;1.09025;1.09125;1.09020
1.09030;1.09070;1.09110;1.08970
1.09020;1.09050;1.09090;1.08960
1.08920;1.09010;1.09030;1.08870
1.08960;1.08920;1.09010;1.08900
1.09050;1.08970;1.09070;1.08940
1.09175;1.09050;1.09180;1.09030
1.09175;1.09170;1.09200;1.09140
1.09120;1.09170;1.09200;1.09080
1.09080;1.09130;1.09170;1.09030
1.09090;1.09080;1.09180;1.09050
1.09100;1.09090;1.09100;1.08990
1.09110;1.09090;1.09130;1.09050
1.09150;1.09110;1.09150;1.09090
1.09070;1.09150;1.09150;1.09040
1.09060;1.09060;1.09090;1.09040
1.09070;1.09060;1.09110;1.09050
1.09120;1.09070;1.09130;1.09070
1.09100;1.09110;1.09110;1.09070
1.09050;1.09100;1.09120;1.09030
1.09250;1.09045;1.09360;1.09030
1.09230;1.09240;1.09240;1.09170
1.09270;1.09230;1.09300;1.09220
1.09230;1.09260;1.09290;1.09230
1.09180;1.09240;1.09280;1.09170
1.09310;1.09180;1.09340;1.09170
1.09400;1.09320;1.09410;1.09290
1.09390;1.09390;1.09445;1.09340
1.09410;1.09400;1.09450;1.09260
1.09520;1.09410;1.09530;1.09390
1.09430;1.09510;1.09530;1.09420
1.09650;1.09450;1.09720;1.09450
1.09660;1.09650;1.09770;1.09620
1.09490;1.09680;1.09680;1.09430
1.09600;1.09490;1.09630;1.09450
1.09580;1.09600;1.09660;1.09565
1.09620;1.09590;1.09640;1.09540
1.09595;1.09625;1.09630;1.09580
1.09620;1.09600;1.09640;1.09595
1.09600;1.09625;1.09640;1.09600
1.09600;1.09610;1.09630;1.09580
1.09570;1.09610;1.09630;1.09565
1.09580;1.09580;1.09590;1.09550
1.09540;1.09575;1.09620;1.09530
1.09470;1.09550;1.09570;1.09470
1.09490;1.09470;1.09510;1.09420
1.09510;1.09490;1.09550;1.09490
1.09480;1.09510;1.09540;1.09460
1.09525;1.09490;1.09550;1.09470
1.09390;1.09530;1.09550;1.09360
1.09540;1.09390;1.09580;1.09380
1.09540;1.09525;1.09605;1.09450
1.09480;1.09510;1.09600;1.09450
1.09540;1.09480;1.09625;1.09450
1.09400;1.09550;1.09560;1.09380
1.09290;1.09410;1.09450;1.09260
1.09340;1.09280;1.09450;1.09230
1.08990;1.09340;1.09360;1.08970
1.09040;1.08980;1.09170;1.08980
1.09115;1.09050;1.09180;1.09030
1.09150;1.09110;1.09180;1.09090
1.09230;1.09150;1.09240;1.09150
1.09160;1.09220;1.09220;1.09140
1.09130;1.09165;1.09170;1.09110
1.09140;1.09140;1.09170;1.09110
1.09150;1.09150;1.09160;1.09130
1.09155;1.09140;1.09190;1.09140
1.09070;1.09155;1.09170;1.09010
1.09070;1.09070;1.09150;1.09050
1.08940;1.09065;1.09070;1.08930
1.08940;1.08940;1.08960;1.08895
1.08850;1.08930;1.08940;1.08800
1.08920;1.08850;1.08950;1.08840
1.08960;1.08940;1.09010;1.08895
1.09180;1.09010;1.09200;1.09010
1.09150;1.09150;1.09220;1.09100
1.09160;1.09150;1.09200;1.09110
1.09280;1.09170;1.09280;1.09160
1.09390;1.09260;1.09400;1.09260
1.08790;1.09385;1.09410;1.08730
1.08690;1.08820;1.08860;1.08600
1.08890;1.08690;1.08940;1.08690
1.08800;1.08900;1.08965;1.08780
1.08700;1.08800;1.08840;1.08690
1.08730;1.08710;1.08750;1.08680
1.08670;1.08730;1.08730;1.08650
1.08690;1.08670;1.08730;1.08670
1.08645;1.08690;1.08695;1.08630
1.08640;1.08650;1.08690;1.08640
1.08650;1.08650;1.08670;1.08630
1.08670;1.08650;1.08690;1.08645
1.08720;1.08680;1.08740;1.08630
1.08620;1.08730;1.08750;1.08610
1.08670;1.08615;1.08720;1.08610
1.08710;1.08665;1.08750;1.08660
1.08700;1.08710;1.08740;1.08680
1.08690;1.08710;1.08760;1.08670
1.08640;1.08690;1.08690;1.08560
1.08570;1.08630;1.08690;1.08540
1.08390;1.08560;1.08570;1.08350
1.08470;1.08350;1.08500;1.08350
1.08540;1.08460;1.08540;1.08415
1.08540;1.08530;1.08595;1.08490
1.08970;1.08540;1.08980;1.08530
1.09150;1.08970;1.09170;1.08960
1.09110;1.09150;1.09320;1.09090
1.09185;1.09110;1.09200;1.09065
1.09180;1.09190;1.09220;1.09120
1.09110;1.09180;1.09230;1.09090
1.09110;1.09115;1.09160;1.09105
1.09130;1.09110;1.09150;1.09090
1.09100;1.09130;1.09130;1.09080
1.09090;1.09125;1.09130;1.09090
1.09100;1.09090;1.09135;1.09090
1.09080;1.09100;1.09110;1.09070
1.09020;1.09080;1.09100;1.09005
1.09090;1.09010;1.09180;1.09010
1.09080;1.09095;1.09110;1.09065
1.09130;1.09080;1.09140;1.09070
1.09180;1.09130;1.09180;1.09130
1.09030;1.09180;1.09180;1.09030
1.08910;1.09030;1.09070;1.08880
1.08755;1.08900;1.08910;1.08710
1.08870;1.08750;1.08900;1.08730
1.08900;1.08870;1.08920;1.08760
1.08920;1.08905;1.08960;1.08820
1.08980;1.08920;1.09050;1.08880
1.09100;1.08990;1.09100;1.08940
1.09130;1.09090;1.09200;1.09040
1.09060;1.09140;1.09340;1.09030
1.09190;1.09070;1.09230;1.09010
1.09160;1.09170;1.09215;1.09130
1.09080;1.09170;1.09170;1.09080
1.09120;1.09090;1.09130;1.09090
1.09100;1.09120;1.09120;1.09090
1.09130;1.09090;1.09150;1.09090
1.09120;1.09120;1.09150;1.09100
1.09120;1.09130;1.09160;1.09120
1.09130;1.09130;1.09150;1.09105
1.09090;1.09130;1.09140;1.09090
1.09100;1.09110;1.09170;1.09075
1.09055;1.09110;1.09110;1.09025
1.09050;1.09055;1.09090;1.09040
1.09010;1.09040;1.09050;1.09000
1.08960;1.09005;1.09010;1.08940
1.09140;1.08950;1.09150;1.08950
1.09030;1.09150;1.09150;1.08960
1.08950;1.09030;1.09050;1.08920
1.08980;1.08955;1.09030;1.08940
1.08950;1.08990;1.09040;1.08950
1.08990;1.08960;1.09030;1.08890
1.09010;1.08990;1.09010;1.08930
1.08990;1.09010;1.09010;1.08960
1.09020;1.08990;1.09080;1.08980
1.09000;1.09020;1.09030;1.08960
1.08950;1.09010;1.09010;1.08920
1.08950;1.08935;1.08980;1.08930
1.08870;1.08935;1.08965;1.08870
1.08830;1.08870;1.08880;1.08810
1.08790;1.08830;1.08840;1.08770
1.08805;1.08790;1.08850;1.08780
1.08810;1.08800;1.08820;1.08770
1.08820;1.08800;1.08840;1.08795
1.08870;1.08830;1.08910;1.08820
1.08780;1.08880;1.08880;1.08765
1.08775;1.08770;1.08785;1.08745
1.08780;1.08775;1.08800;1.08745
1.08750;1.08770;1.08775;1.08740
1.08830;1.08760;1.08840;1.08680
1.08830;1.08815;1.08890;1.08710
1.08860;1.08830;1.09090;1.08820
1.08880;1.08870;1.08940;1.08670
1.08945;1.08880;1.08960;1.08750
1.08790;1.08950;1.08950;1.08770
1.08790;1.08790;1.08825;1.08750
1.08950;1.08790;1.09020;1.08750
1.08900;1.08950;1.09020;1.08860
1.08735;1.08940;1.08960;1.08670
1.08680;1.08740;1.08770;1.08640
1.08600;1.08670;1.08670;1.08590
1.08600;1.08610;1.08640;1.08580
1.08540;1.08590;1.08655;1.08510
1.08550;1.08535;1.08570;1.08520
1.08530;1.08550;1.08560;1.08530
1.08570;1.08580;1.08580;1.08540
1.08530;1.08560;1.08575;1.08520
1.08555;1.08540;1.08570;1.08520
1.08495;1.08560;1.08570;1.08460
1.08500;1.08490;1.08515;1.08420
1.08470;1.08500;1.08540;1.08460
1.08400;1.08460;1.08480;1.08400
1.08430;1.08400;1.08440;1.08330
1.08560;1.08420;1.08570;1.08415
1.08675;1.08550;1.08700;1.08535
1.08560;1.08650;1.08750;1.08520
1.08640;1.08550;1.08660;1.08460
1.08610;1.08630;1.08690;1.08600
1.08870;1.08620;1.08900;1.08620
1.08960;1.08860;1.08980;1.08840
1.08740;1.08940;1.09010;1.08580
1.08830;1.08750;1.08880;1.08670
1.08690;1.08750;1.08785;1.08340
1.08730;1.08680;1.08770;1.08580
1.08720;1.08730;1.08860;1.08700
1.08820;1.08730;1.08820;1.08720
1.08800;1.08820;1.08860;1.08770
1.08890;1.08810;1.08890;1.08810
1.08890;1.08880;1.08930;1.08850
1.08890;1.08875;1.08900;1.08865
1.08915;1.08900;1.08920;1.08895
1.08900;1.08910;1.08950;1.08895
1.08850;1.08895;1.08920;1.08820
1.08880;1.08850;1.08920;1.08840
1.08860;1.08870;1.08880;1.08835
1.08890;1.08860;1.08920;1.08860
1.08910;1.08880;1.08960;1.08850
1.08875;1.08920;1.08960;1.08860
1.08820;1.08875;1.09010;1.08810
1.08760;1.08820;1.08920;1.08730
1.08780;1.08750;1.08810;1.08670
1.08810;1.08780;1.08880;1.08700
1.08930;1.08800;1.08960;1.08770
1.08880;1.08920;1.08970;1.08880
1.09120;1.08880;1.09320;1.08740
1.09170;1.09110;1.09250;1.08960
1.09490;1.09170;1.09550;1.09090
1.09630;1.09490;1.09640;1.09450
1.09720;1.09625;1.09730;1.09625
1.09670;1.09720;1.09740;1.09660
1.09680;1.09680;1.09705;1.09655
1.09670;1.09675;1.09700;1.09630
1.09690;1.09675;1.09710;1.09650
1.09660;1.09650;1.09690;1.09610
1.09670;1.09670;1.09700;1.09650
1.09660;1.09660;1.09680;1.09620
1.09640;1.09680;1.09690;1.09570
1.09610;1.09645;1.09700;1.09580
1.09610;1.09600;1.09640;1.09565
1.09570;1.09610;1.09620;1.09530
1.09530;1.09570;1.09580;1.09530
1.09460;1.09530;1.09570;1.09460
1.09500;1.09460;1.09550;1.09450
1.09540;1.09510;1.09660;1.09490
1.09650;1.09550;1.09660;1.09530
1.09620;1.09640;1.09740;1.09600
1.09590;1.09620;1.09660;1.09545
1.09540;1.09590;1.09620;1.09525
1.09470;1.09540;1.09580;1.09430
1.09660;1.09490;1.09720;1.09480
1.09740;1.09680;1.09810;1.09660
1.09900;1.09740;1.09930;1.09740
1.09900;1.09890;1.09920;1.09825
1.09950;1.09895;1.09970;1.09870
1.09990;1.09950;1.10000;1.09910
1.09990;1.09990;1.10005;1.09960
1.10010;1.09980;1.10020;1.09965
1.10000;1.10005;1.10020;1.09970
1.10010;1.10000;1.10030;1.09990
1.10055;1.10015;1.10060;1.10010
1.10060;1.10060;1.10090;1.10020
1.10100;1.10070;1.10140;1.10060
1.10190;1.10100;1.10210;1.10060
1.10180;1.10195;1.10195;1.10120
1.10200;1.10175;1.10210;1.10150
1.10070;1.10195;1.10230;1.10060
1.10220;1.10100;1.10270;1.10070
1.10080;1.10210;1.10230;1.10080
1.10020;1.10080;1.10160;1.10020
1.10070;1.10030;1.10090;1.09970
1.10050;1.10060;1.10130;1.10040
1.09830;1.10060;1.10060;1.09825
1.09815;1.09830;1.09910;1.09770
1.09880;1.09820;1.09945;1.09790
1.09900;1.09870;1.09930;1.09785
1.09920;1.09890;1.09950;1.09865
1.10030;1.09930;1.10030;1.09910
1.10070;1.10030;1.10100;1.10020
1.09990;1.10065;1.10080;1.09975
1.10060;1.10000;1.10080;1.09985
1.10080;1.10060;1.10090;1.10045
1.10075;1.10080;1.10095;1.10040
1.10120;1.10080;1.10120;1.10075
1.10140;1.10120;1.10150;1.10105
1.10185;1.10140;1.10220;1.10115
1.10270;1.10190;1.10320;1.10190
1.10320;1.10270;1.10330;1.10250
1.10300;1.10310;1.10320;1.10270
1.10370;1.10295;1.10370;1.10290
1.10260;1.10350;1.10360;1.10250
1.10210;1.10270;1.10350;1.10210
1.10270;1.10235;1.10300;1.10210
1.10240;1.10275;1.10310;1.10210
1.10245;1.10210;1.10280;1.10180
1.10225;1.10250;1.10250;1.10180
1.10160;1.10225;1.10250;1.10140
1.10580;1.10155;1.10745;1.10150
1.10980;1.10590;1.11010;1.10560
1.11210;1.10960;1.11240;1.10880
1.11230;1.11200;1.11260;1.11110
1.11330;1.11220;1.11340;1.11200
1.11300;1.11320;1.11330;1.11240
1.11390;1.11300;1.11400;1.11280
1.11380;1.11390;1.11410;1.11330
1.11300;1.11360;1.11380;1.11300
1.11310;1.11300;1.11350;1.11280
1.11350;1.11300;1.11370;1.11300
1.11400;1.11340;1.11410;1.11340
1.11380;1.11410;1.11450;1.11380
1.11450;1.11380;1.11450;1.11360
1.11460;1.11450;1.11470;1.11385
1.11455;1.11450;1.11490;1.11420
1.11410;1.11470;1.11490;1.11410
1.11300;1.11410;1.11430;1.11300
1.11495;1.11320;1.11510;1.11310
1.11560;1.11490;1.11580;1.11360
1.11610;1.11550;1.11700;1.11500
1.11725;1.11605;1.11750;1.11550
1.11710;1.11720;1.11740;1.11590
1.11740;1.11715;1.11780;1.11680
1.11790;1.11760;1.11890;1.11615
1.11940;1.11810;1.11950;1.11760
1.11970;1.11930;1.11970;1.11805
1.11930;1.11960;1.11970;1.11850
1.12050;1.11935;1.12090;1.11910
1.12150;1.12040;1.12180;1.12020
1.12230;1.12155;1.12230;1.12130
1.12260;1.12210;1.12270;1.12200
1.12265;1.12265;1.12280;1.12240
1.12255;1.12265;1.12265;1.12180
1.12250;1.12250;1.12300;1.12240
1.12240;1.12240;1.12285;1.12210
1.12240;1.12235;1.12250;1.12140
1.12330;1.12230;1.12335;1.12220
1.12340;1.12330;1.12390;1.12310
1.12410;1.12360;1.12440;1.12330
1.12335;1.12410;1.12410;1.12330
1.12210;1.12330;1.12350;1.12180
1.12110;1.12210;1.12260;1.12060
1.12210;1.12105;1.12210;1.12040
1.12290;1.12230;1.12370;1.12210
1.12270;1.12320;1.12450;1.12260
1.12210;1.12260;1.12270;1.12155
1.12250;1.12210;1.12350;1.12190
1.12250;1.12240;1.12270;1.12100
1.12400;1.12270;1.12440;1.12170
1.12430;1.12270;1.12440;1.12160
1.12360;1.12420;1.12440;1.12340
1.12390;1.12360;1.12440;1.12330
1.12350;1.12400;1.12400;1.12260
1.12350;1.12345;1.12370;1.12310
1.12270;1.12340;1.12350;1.12250
1.12280;1.12260;1.12330;1.12250
1.12295;1.12350;1.12370;1.12250
1.12250;1.12310;1.12320;1.12240
1.12270;1.12270;1.12300;1.12230
1.12260;1.12270;1.12300;1.12230
1.12190;1.12250;1.12270;1.12180
1.12270;1.12160;1.12280;1.12140
1.12270;1.12270;1.12290;1.12250
1.12270;1.12260;1.12270;1.12210
1.12330;1.12270;1.12350;1.12220
1.12330;1.12330;1.12400;1.12225
1.12450;1.12340;1.12460;1.12290
1.12380;1.12440;1.12490;1.12370
1.12450;1.12370;1.12450;1.12350
1.12320;1.12440;1.12440;1.12305
1.12350;1.12320;1.12380;1.12290
1.12350;1.12345;1.12370;1.12205
1.12210;1.12360;1.12360;1.12040
1.12310;1.12230;1.12330;1.12180
1.12360;1.12330;1.12380;1.12250
1.12330;1.12350;1.12390;1.12305
1.12400;1.12330;1.12445;1.12320
1.12430;1.12410;1.12440;1.12390
1.12440;1.12420;1.12460;1.12420
1.12375;1.12440;1.12440;1.12365
1.12370;1.12360;1.12410;1.12335
1.12400;1.12370;1.12405;1.12370
1.12380;1.12400;1.12405;1.12370
1.12420;1.12370;1.12465;1.12350
1.12460;1.12420;1.12560;1.12390
1.12480;1.12460;1.12490;1.12435
1.12540;1.12470;1.12560;1.12440
1.12510;1.12540;1.12560;1.12500
1.12510;1.12520;1.12640;1.12500
1.12550;1.12500;1.12580;1.12400
1.12530;1.12565;1.12755;1.12430
1.12370;1.12540;1.12560;1.12280
1.12490;1.12375;1.12500;1.12360
1.12575;1.12490;1.12605;1.12460
1.12540;1.12580;1.12580;1.12420
1.12400;1.12540;1.12700;1.12230
1.12270;1.12400;1.12460;1.12170
1.12360;1.12260;1.12405;1.12250
1.12220;1.12370;1.12460;1.12210
1.12145;1.12230;1.12290;1.12080
1.12180;1.12140;1.12210;1.12100
1.12280;1.12190;1.12310;1.12140
1.12300;1.12290;1.12310;1.12245
1.12290;1.12300;1.12320;1.12270
1.12300;1.12270;1.12310;1.12255
1.12320;1.12290;1.12330;1.12280
1.12290;1.12310;1.12325;1.12250
1.12300;1.12290;1.12330;1.12270
1.12250;1.12295;1.12310;1.12210
1.12215;1.12245;1.12250;1.12160
1.12265;1.12215;1.12270;1.12210
1.12220;1.12270;1.12270;1.12195
1.12360;1.12220;1.12360;1.12200
1.12130;1.12350;1.12350;1.11960
1.12270;1.12120;1.12370;1.12120
1.12320;1.12270;1.12330;1.12200
1.12300;1.12320;1.12400;1.12250
1.12165;1.12295;1.12295;1.12160
1.12125;1.12165;1.12210;1.12100
1.12170;1.12140;1.12240;1.12080
1.12140;1.12170;1.12260;1.12140
1.11900;1.12140;1.12140;1.11740
1.11950;1.11910;1.12000;1.11890
1.11920;1.11950;1.11950;1.11800
1.11995;1.11930;1.12000;1.11900
1.12020;1.12000;1.12020;1.11950
1.12040;1.12020;1.12050;1.11985
1.12025;1.12040;1.12050;1.12000
1.12000;1.12020;1.12040;1.11970
1.12040;1.12020;1.12040;1.11990
1.12040;1.12030;1.12060;1.12020
1.12180;1.12060;1.12210;1.12040
1.12260;1.12180;1.12290;1.12155
1.12260;1.12260;1.12290;1.12210
1.12250;1.12250;1.12270;1.12180
1.12220;1.12270;1.12270;1.12200
1.12180;1.12220;1.12235;1.12135
1.12110;1.12170;1.12180;1.12060
1.12060;1.12100;1.12210;1.11980
1.12090;1.12060;1.12140;1.12010
1.12120;1.12080;1.12140;1.12040
1.12040;1.12125;1.12170;1.12020
1.12070;1.12040;1.12130;1.11980
1.11810;1.12060;1.12075;1.11770
1.11830;1.11830;1.11870;1.11720
1.11470;1.11850;1.11890;1.11410
1.11350;1.11470;1.11530;1.11320
1.11250;1.11350;1.11390;1.11180
1.11300;1.11240;1.11350;1.11220
1.11260;1.11295;1.11310;1.11230
1.11315;1.11260;1.11340;1.11260
1.11290;1.11320;1.11330;1.11280
1.11360;1.11300;1.11360;1.11290
1.11350;1.11360;1.11370;1.11320
1.11350;1.11350;1.11380;1.11340
1.11380;1.11340;1.11380;1.11300
1.11380;1.11380;1.11410;1.11310
1.11390;1.11380;1.11420;1.11360
1.11360;1.11400;1.11410;1.11340
1.11400;1.11360;1.11400;1.11340
1.11440;1.11400;1.11440;1.11340
1.11420;1.11430;1.11450;1.11345
1.11270;1.11430;1.11450;1.11240
1.11290;1.11280;1.11380;1.11220
1.11280;1.11280;1.11320;1.11220
1.11260;1.11275;1.11290;1.11200
1.11180;1.11260;1.11320;1.11170
1.11290;1.11190;1.11345;1.11180
1.11180;1.11280;1.11380;1.11110
1.11140;1.11185;1.11190;1.11070
1.11205;1.11140;1.11260;1.11120
1.11230;1.11190;1.11260;1.11150
1.11260;1.11230;1.11290;1.11220
1.11250;1.11260;1.11300;1.11240
1.11260;1.11250;1.11260;1.11190
1.11250;1.11260;1.11300;1.11240
1.11310;1.11270;1.11320;1.11250
1.11290;1.11280;1.11305;1.11240
1.11240;1.11300;1.11310;1.11240
1.11290;1.11250;1.11330;1.11220
1.11220;1.11300;1.11310;1.11200
1.11270;1.11220;1.11320;1.11200
1.11260;1.11270;1.11300;1.11240
1.11200;1.11260;1.11260;1.11170
1.11310;1.11200;1.11320;1.11190
1.11360;1.11320;1.11410;1.11240
1.10820;1.11360;1.11470;1.10745
1.10700;1.10820;1.10880;1.10660
1.10830;1.10700;1.10920;1.10690
1.10930;1.10820;1.10940;1.10800
1.10980;1.10920;1.11090;1.10880
1.10880;1.10990;1.11000;1.10820
1.10850;1.10880;1.11040;1.10740
1.10790;1.10860;1.10910;1.10690
1.10820;1.10790;1.10840;1.10710
1.10820;1.10820;1.10840;1.10720
1.10760;1.10800;1.10850;1.10690
1.10705;1.10750;1.10750;1.10670
1.10610;1.10710;1.10730;1.10600
1.10640;1.10610;1.10650;1.10600
1.10640;1.10650;1.10690;1.10630
1.10630;1.10640;1.10670;1.10625
1.10630;1.10630;1.10650;1.10590
1.10680;1.10635;1.10710;1.10620
1.10730;1.10670;1.10770;1.10670
1.10810;1.10750;1.10820;1.10710
1.10780;1.10805;1.10810;1.10760
1.10705;1.10780;1.10800;1.10690
1.10760;1.10700;1.10790;1.10690
1.10790;1.10760;1.10870;1.10710
1.10720;1.10800;1.10850;1.10700
1.10650;1.10710;1.10710;1.10530
1.10425;1.10650;1.10670;1.10420
1.10440;1.10430;1.10480;1.10410
1.10500;1.10450;1.10500;1.10390
1.10490;1.10490;1.10540;1.10420
1.10380;1.10490;1.10500;1.10250
1.10440;1.10330;1.10460;1.10210
1.10490;1.10440;1.10540;1.10420
1.10430;1.10480;1.10550;1.10410
1.10390;1.10420;1.10420;1.10350
1.10450;1.10395;1.10460;1.10350
1.10525;1.10450;1.10540;1.10430
1.10565;1.10520;1.10565;1.10510
1.10570;1.10530;1.10580;1.10520
1.10510;1.10570;1.10570;1.10490
1.10510;1.10520;1.10530;1.10480
1.10450;1.10500;1.10540;1.10435
1.10390;1.10455;1.10470;1.10370
1.10460;1.10390;1.10470;1.10370
1.10490;1.10460;1.10510;1.10440
1.10480;1.10490;1.10540;1.10460
1.10620;1.10480;1.10630;1.10480
1.10640;1.10620;1.10710;1.10560
1.10700;1.10635;1.10750;1.10570
1.10745;1.10700;1.10780;1.10660
1.10750;1.10750;1.10775;1.10690
1.10830;1.10750;1.10860;1.10730
1.10615;1.10820;1.10840;1.10600
1.10685;1.10630;1.10710;1.10580
1.10650;1.10690;1.10730;1.10580
1.10640;1.10670;1.10720;1.10570
1.10770;1.10640;1.10800;1.10610
1.10710;1.10770;1.10820;1.10670
1.10580;1.10710;1.10710;1.10580
1.11030;1.10580;1.11050;1.10570
1.10960;1.11020;1.11070;1.10780
1.10860;1.10960;1.10960;1.10840
1.10870;1.10810;1.10890;1.10810
1.10850;1.10880;1.10900;1.10840
1.10785;1.10840;1.10850;1.10780
1.10870;1.10780;1.10880;1.10770
1.10990;1.10880;1.11010;1.10860
1.11000;1.10990;1.11190;1.10990
1.11000;1.10990;1.11070;1.10990
1.10970;1.11010;1.11080;1.10960
1.10890;1.10960;1.11000;1.10880
1.11000;1.10900;1.11010;1.10890
1.11280;1.11010;1.11340;1.10990
1.11380;1.11290;1.11390;1.11240
1.11390;1.11390;1.11440;1.11260
1.11380;1.11390;1.11500;1.11360
1.11380;1.11360;1.11410;1.11310
1.10595;1.11380;1.11395;1.10480
1.10080;1.10580;1.10655;1.09910
1.09910;1.10080;1.10110;1.09830
1.09980;1.09930;1.10040;1.09870
1.09880;1.09980;1.10020;1.09860
1.09980;1.09910;1.10100;1.09870
1.09740;1.09990;1.09995;1.09720
1.09675;1.09740;1.09740;1.09655
1.09780;1.09660;1.09780;1.09660
1.09780;1.09780;1.09790;1.09760
1.09830;1.09780;1.09840;1.09780
1.09790;1.09830;1.09830;1.09760
1.09800;1.09785;1.09830;1.09780
1.09820;1.09805;1.09860;1.09740
1.09840;1.09810;1.09860;1.09780
1.09760;1.09830;1.09890;1.09720
1.09730;1.09760;1.09790;1.09600
1.09870;1.09720;1.09870;1.09490
1.09710;1.09850;1.09910;1.09680
1.09515;1.09830;1.09870;1.09430
1.09590;1.09530;1.09690;1.09470
1.09730;1.09620;1.09780;1.09560
1.09935;1.09730;1.09970;1.09700
1.10090;1.09940;1.10180;1.09920
1.10090;1.10090;1.10330;1.10040
1.10170;1.10080;1.10180;1.09930
1.10350;1.10190;1.10480;1.10155
1.10370;1.10355;1.10400;1.10220
1.10260;1.10390;1.10440;1.10250
1.10210;1.10250;1.10290;1.10150
1.10230;1.10210;1.10300;1.10160
1.10230;1.10230;1.10270;1.10190
1.10170;1.10230;1.10240;1.10130
1.10210;1.10230;1.10240;1.10170
1.10280;1.10190;1.10280;1.10180
1.10230;1.10280;1.10290;1.10230
1.10230;1.10240;1.10280;1.10190
1.10150;1.10220;1.10270;1.10140
1.10160;1.10140;1.10160;1.10090
1.10120;1.10160;1.10180;1.10115
1.10070;1.10130;1.10130;1.10060
1.10140;1.10060;1.10140;1.10050
1.10110;1.10140;1.10180;1.10060
1.10195;1.10120;1.10290;1.10120
1.10360;1.10195;1.10360;1.10115
1.10330;1.10340;1.10375;1.10250
1.10365;1.10325;1.10400;1.10290
1.10260;1.10365;1.10365;1.10230
1.10280;1.10270;1.10380;1.10180
1.10375;1.10280;1.10460;1.10140
1.10250;1.10370;1.10460;1.10230
1.10180;1.10250;1.10300;1.10120
1.10070;1.10190;1.10210;1.10040
1.10050;1.10065;1.10120;1.10040
1.09990;1.10045;1.10080;1.09975
1.09960;1.10000;1.10010;1.09930
1.09975;1.09960;1.09980;1.09930
1.09990;1.09950;1.10000;1.09930
1.10010;1.09980;1.10030;1.09970
1.09980;1.10020;1.10020;1.09965
1.09890;1.09970;1.10020;1.09880
1.09860;1.09890;1.09910;1.09840
1.09860;1.09860;1.09870;1.09800
1.09860;1.09850;1.09895;1.09835
1.09900;1.09855;1.09910;1.09820
1.09990;1.09900;1.09990;1.09860
1.09960;1.09980;1.10000;1.09890
1.09800;1.09950;1.09950;1.09700
1.09750;1.09810;1.09870;1.09710
1.09750;1.09760;1.09770;1.09660
1.09820;1.09755;1.09850;1.09690
1.09755;1.09810;1.09830;1.09740
1.09570;1.09755;1.09770;1.09520
1.09730;1.09570;1.09790;1.09560
1.09775;1.09780;1.09890;1.09610
1.09710;1.09790;1.09850;1.09600
1.09730;1.09700;1.09790;1.09680
1.09635;1.09720;1.09770;1.09620
1.09730;1.09640;1.09750;1.09640
1.09825;1.09740;1.09850;1.09740
1.09850;1.09810;1.09850;1.09805
1.10190;1.09850;1.10200;1.09825
1.10100;1.10140;1.10185;1.09980
1.10070;1.10090;1.10170;1.10040
1.09970;1.10080;1.10080;1.09930
1.09920;1.09970;1.10080;1.09910
1.09850;1.09920;1.09930;1.09800
1.09880;1.09845;1.09890;1.09810
1.09890;1.09870;1.09895;1.09810
1.09940;1.09885;1.10000;1.09885
1.09900;1.09950;1.09970;1.09810
1.09900;1.09890;1.09980;1.09810
1.09840;1.09905;1.09930;1.09760
1.09800;1.09845;1.09850;1.09760
1.09780;1.09810;1.09810;1.09680
1.09775;1.09790;1.09810;1.09720
1.09600;1.09780;1.09870;1.09580
1.09500;1.09600;1.09680;1.09500
1.09280;1.09495;1.09510;1.09180
1.09390;1.09260;1.09450;1.09230
1.09500;1.09380;1.09530;1.09360
1.09460;1.09495;1.09580;1.09460
1.09430;1.09470;1.09500;1.09405
1.09400;1.09430;1.09460;1.09350
1.09380;1.09395;1.09395;1.09350
1.09400;1.09420;1.09450;1.09365
1.09440;1.09390;1.09450;1.09390
1.09430;1.09440;1.09460;1.09430
1.09400;1.09430;1.09440;1.09370
1.09430;1.09390;1.09495;1.09375
1.09355;1.09430;1.09450;1.09340
1.09335;1.09355;1.09360;1.09300
1.09230;1.09355;1.09360;1.09220
1.09390;1.09240;1.09410;1.09195
1.09220;1.09390;1.09435;1.09200
1.09195;1.09210;1.09280;1.09140
1.09240;1.09180;1.09240;1.09130
1.09310;1.09250;1.09390;1.09240
1.09340;1.09320;1.09360;1.09220
1.09355;1.09340;1.09490;1.09240
1.09380;1.09340;1.09570;1.09220
1.09180;1.09380;1.09410;1.09150
1.09310;1.09180;1.09480;1.09160
1.09460;1.09320;1.09550;1.09300
1.09550;1.09470;1.09630;1.09450
1.09470;1.09550;1.09575;1.09430
1.09430;1.09470;1.09530;1.09430
1.09450;1.09430;1.09450;1.09390
1.09490;1.09430;1.09510;1.09430
1.09500;1.09460;1.09500;1.09430
1.09520;1.09500;1.09530;1.09470
1.09510;1.09530;1.09530;1.09490
1.09550;1.09510;1.09550;1.09460
1.09570;1.09570;1.09620;1.09540
1.09550;1.09570;1.09620;1.09530
1.09540;1.09550;1.09600;1.09530
1.09505;1.09550;1.09560;1.09490
1.09520;1.09510;1.09585;1.09470
1.09490;1.09530;1.09590;1.09460
1.09480;1.09480;1.09550;1.09440
1.09400;1.09475;1.09530;1.09375
1.09450;1.09410;1.09460;1.09350
1.09425;1.09450;1.09490;1.09390
1.09380;1.09450;1.09460;1.09380
1.09890;1.09380;1.09980;1.09350
1.10120;1.09890;1.10300;1.09870
1.10230;1.10120;1.10290;1.10020
1.10350;1.10235;1.10420;1.10180
1.10350;1.10350;1.10400;1.10290
1.10290;1.10345;1.10390;1.10270
1.10100;1.10285;1.10285;1.10080
1.10080;1.10100;1.10110;1.10040
1.10100;1.10070;1.10120;1.10040
1.10120;1.10180;1.10200;1.10090
1.10050;1.10120;1.10150;1.10020
1.10030;1.10050;1.10060;1.10010
1.10100;1.10020;1.10120;1.10010
1.10010;1.10100;1.10100;1.09950
1.10005;1.10010;1.10040;1.09970
1.09955;1.10010;1.10020;1.09950
1.09965;1.09960;1.09980;1.09910
1.09840;1.09970;1.09980;1.09820
1.09800;1.09830;1.09870;1.09710
1.09940;1.09800;1.09950;1.09760
1.09745;1.09920;1.09925;1.09740
1.09670;1.09750;1.09780;1.09660
1.09735;1.09660;1.09740;1.09650
1.09850;1.09730;1.09850;1.09710
1.09960;1.09840;1.09970;1.09790
1.09940;1.09950;1.10120;1.09910
1.10030;1.09910;1.10080;1.09850
1.09990;1.10020;1.10060;1.09940
1.10000;1.09990;1.10030;1.09920
1.10060;1.10010;1.10070;1.09950
1.10070;1.10060;1.10105;1.10040
1.10050;1.10070;1.10080;1.10020
1.10020;1.10040;1.10040;1.09985
1.10050;1.10060;1.10070;1.10020
1.10020;1.10030;1.10040;1.10005
1.10020;1.10020;1.10060;1.10020
1.09920;1.10030;1.10060;1.09895
1.09800;1.09910;1.09920;1.09790
1.09880;1.09790;1.09900;1.09760
1.09820;1.09880;1.09910;1.09810
1.09920;1.09820;1.09930;1.09800
1.10000;1.09930;1.10000;1.09890
1.09970;1.10000;1.10115;1.09930
1.09780;1.09970;1.09980;1.09740
1.09850;1.09760;1.09870;1.09745
1.09705;1.09860;1.09870;1.09670
1.09530;1.09705;1.09720;1.09520
1.09400;1.09540;1.09580;1.09370
1.09430;1.09410;1.09510;1.09340
1.09360;1.09430;1.09570;1.09340
1.09460;1.09380;1.09530;1.09300
1.09510;1.09470;1.09550;1.09410
1.09480;1.09500;1.09580;1.09470
1.09600;1.09475;1.09620;1.09475
1.09600;1.09590;1.09610;1.09520
1.09580;1.09595;1.09620;1.09570
1.09560;1.09570;1.09580;1.09530
1.09560;1.09530;1.09580;1.09520
1.09520;1.09550;1.09570;1.09515
1.09595;1.09520;1.09600;1.09520
1.09580;1.09600;1.09660;1.09580
1.09635;1.09580;1.09700;1.09550
1.09685;1.09640;1.09700;1.09620
1.09670;1.09690;1.09710;1.09660
1.09660;1.09670;1.09690;1.09640
1.09770;1.09670;1.09790;1.09670
1.09720;1.09760;1.09800;1.09700
1.09845;1.09740;1.09850;1.09710
1.09840;1.09840;1.09890;1.09740
1.09785;1.09840;1.09870;1.09770
1.09760;1.09785;1.09810;1.09740
1.09690;1.09760;1.09810;1.09690
1.09820;1.09700;1.09820;1.09620
1.09810;1.09820;1.09880;1.09720
1.09830;1.09800;1.09955;1.09770
1.09745;1.09830;1.09880;1.09740
1.09790;1.09740;1.09820;1.09730
1.09800;1.09780;1.09920;1.09740
1.09760;1.09795;1.09800;1.09740
1.09730;1.09760;1.09830;1.09730
1.09750;1.09740;1.09760;1.09705
1.09770;1.09750;1.09810;1.09730
1.09770;1.09760;1.09790;1.09760
1.09770;1.09760;1.09780;1.09750
1.09720;1.09765;1.09780;1.09675
1.09730;1.09710;1.09760;1.09680
1.09790;1.09720;1.09810;1.09720
1.09790;1.09790;1.09820;1.09775
1.09800;1.09790;1.09890;1.09790
1.09850;1.09790;1.09870;1.09780
1.09940;1.09850;1.09990;1.09830
1.10095;1.09930;1.10190;1.09925
1.10190;1.10090;1.10270;1.10080
1.10200;1.10185;1.10250;1.10160
1.10280;1.10210;1.10280;1.10190
1.10170;1.10290;1.10300;1.10140
1.10420;1.10180;1.10650;1.10110
1.10390;1.10420;1.10460;1.10080
1.10185;1.10400;1.10440;1.10120
1.10150;1.10180;1.10230;1.10080
1.10140;1.10160;1.10195;1.10095
1.09800;1.10130;1.10140;1.09760
1.09910;1.09790;1.09930;1.09790
1.09795;1.09915;1.09915;1.09790
1.09820;1.09790;1.09830;1.09780
1.09830;1.09815;1.09850;1.09790
1.09830;1.09830;1.09850;1.09805
1.09820;1.09830;1.09850;1.09810
1.09880;1.09815;1.09890;1.09790
1.09940;1.09880;1.09980;1.09870
1.09890;1.09935;1.09940;1.09850
1.09870;1.09885;1.09920;1.09850
1.09860;1.09870;1.09910;1.09830
1.09930;1.09850;1.09940;1.09840
1.09910;1.09930;1.10020;1.09890
1.09920;1.09910;1.09990;1.09870
1.09990;1.09920;1.10040;1.09900
1.09770;1.09980;1.10000;1.09760
1.09920;1.09770;1.09970;1.09760
1.09980;1.09930;1.10030;1.09890
1.09685;1.09980;1.10050;1.09660
1.09620;1.09680;1.09810;1.09550
1.09730;1.09620;1.09830;1.09580
1.09560;1.09720;1.09760;1.09505
1.09470;1.09570;1.09650;1.09450
1.09450;1.09460;1.09560;1.09430
1.09500;1.09450;1.09515;1.09430
1.09470;1.09510;1.09510;1.09430
1.09460;1.09470;1.09490;1.09450
1.09480;1.09530;1.09550;1.09480
1.09420;1.09490;1.09510;1.09400
1.09430;1.09410;1.09450;1.09410
1.09370;1.09430;1.09470;1.09360
1.09370;1.09370;1.09410;1.09310
1.09310;1.09360;1.09390;1.09300
1.09315;1.09305;1.09340;1.09290
1.09360;1.09320;1.09360;1.09315
1.09370;1.09360;1.09410;1.09320
1.09310;1.09360;1.09380;1.09260
1.09520;1.09320;1.09570;1.09300
1.09465;1.09510;1.09600;1.09450
1.09500;1.09470;1.09520;1.09410
1.09460;1.09500;1.09530;1.09450
1.09390;1.09450;1.09460;1.09360
1.09060;1.09390;1.09410;1.09020
1.08830;1.09060;1.09070;1.08750
1.09020;1.08815;1.09090;1.08800
1.09210;1.09040;1.09260;1.09025
1.09280;1.09210;1.09360;1.09200
1.09170;1.09280;1.09320;1.09150
1.09040;1.09170;1.09200;1.09030
1.09030;1.09050;1.09130;1.09030
1.09060;1.09030;1.09080;1.09030
1.09060;1.09045;1.09150;1.09045
1.09070;1.09060;1.09090;1.09050
1.09090;1.09070;1.09090;1.09040
1.09070;1.09070;1.09100;1.09010
1.09100;1.09070;1.09160;1.09000
1.09095;1.09110;1.09175;1.09070
1.09150;1.09100;1.09180;1.09100
1.09110;1.09150;1.09150;1.09090
1.09130;1.09090;1.09150;1.09060
1.09240;1.09120;1.09260;1.09100
1.09240;1.09240;1.09310;1.09150
1.09280;1.09220;1.09340;1.09170
1.09410;1.09280;1.09450;1.09210
1.09350;1.09400;1.09430;1.09320
1.09300;1.09340;1.09360;1.09260
1.09220;1.09290;1.09325;1.08970
1.09400;1.09220;1.09530;1.09170
1.09410;1.09390;1.09470;1.09240
1.09260;1.09410;1.09450;1.09230
1.09170;1.09270;1.09280;1.09150
1.09170;1.09170;1.09210;1.09150
1.09040;1.09170;1.09200;1.09030
1.09050;1.09050;1.09070;1.08990
1.09040;1.09060;1.09060;1.09020
1.09050;1.09060;1.09110;1.09020
1.09030;1.09040;1.09060;1.09020
1.09040;1.09030;1.09055;1.09010
1.09020;1.09040;1.09055;1.08990
1.09060;1.09030;1.09120;1.08990
1.09050;1.09070;1.09110;1.09050
1.09070;1.09045;1.09110;1.09040
1.09130;1.09070;1.09140;1.09060
1.09160;1.09130;1.09180;1.09110
1.09195;1.09175;1.09280;1.09110
1.09230;1.09200;1.09270;1.09170
1.09290;1.09230;1.09340;1.09220
1.09260;1.09280;1.09330;1.09200
1.09180;1.09270;1.09270;1.09160
1.09130;1.09180;1.09200;1.09060
1.09030;1.09130;1.09180;1.09030
1.09090;1.09010;1.09235;1.08960
1.09070;1.09090;1.09240;1.08960
1.09030;1.09070;1.09130;1.08960
1.08870;1.09030;1.09050;1.08860
1.08900;1.08870;1.08920;1.08840
1.08810;1.08910;1.09010;1.08770
1.08740;1.08810;1.08810;1.08710
1.08795;1.08750;1.08800;1.08740
1.08830;1.08760;1.08910;1.08700
1.08800;1.08820;1.08840;1.08790
1.08745;1.08800;1.08800;1.08730
1.08700;1.08750;1.08750;1.08660
1.08650;1.08700;1.08710;1.08610
1.08665;1.08670;1.08700;1.08640
1.08640;1.08660;1.08690;1.08630
1.08685;1.08640;1.08690;1.08620
1.08730;1.08690;1.08750;1.08630
1.08840;1.08735;1.08870;1.08700
1.08810;1.08820;1.08860;1.08750
1.08730;1.08800;1.08840;1.08690
1.08740;1.08730;1.08750;1.08630
1.08840;1.08750;1.08880;1.08730
1.08950;1.08840;1.08960;1.08810
1.09080;1.08950;1.09180;1.08870
1.09000;1.09060;1.09180;1.08970
1.08890;1.08990;1.09000;1.08840
1.08720;1.08900;1.08905;1.08670
1.08780;1.08750;1.08900;1.08690
1.08620;1.08780;1.08780;1.08570
1.08560;1.08615;1.08630;1.08560
1.08720;1.08570;1.08750;1.08570
1.08720;1.08710;1.08740;1.08700
1.08690;1.08720;1.08750;1.08650
1.08730;1.08730;1.08750;1.08700
1.08740;1.08740;1.08760;1.08730
1.08900;1.08750;1.08920;1.08710
1.08920;1.08900;1.08920;1.08840
1.08890;1.08910;1.08940;1.08860
1.08850;1.08880;1.08890;1.08820
1.08830;1.08860;1.08880;1.08800
1.08830;1.08825;1.08850;1.08760
1.08720;1.08860;1.08880;1.08710
1.08730;1.08710;1.08780;1.08645
1.08670;1.08730;1.08770;1.08630
1.08680;1.08680;1.08730;1.08625
1.08620;1.08680;1.08770;1.08620
1.08620;1.08630;1.08710;1.08600
1.08550;1.08630;1.08670;1.08450
1.08710;1.08570;1.08770;1.08530
1.08720;1.08710;1.08820;1.08670
1.08740;1.08720;1.08800;1.08690
1.08730;1.08740;1.08760;1.08680
1.08800;1.08730;1.08820;1.08690
1.08780;1.08800;1.08800;1.08730
1.08720;1.08780;1.08790;1.08720
1.08720;1.08725;1.08770;1.08680
1.08760;1.08720;1.08770;1.08700
1.08750;1.08750;1.08790;1.08730
1.08750;1.08750;1.08750;1.08720
1.08800;1.08750;1.08840;1.08750
1.08740;1.08800;1.08800;1.08690
1.08820;1.08730;1.08840;1.08700
1.08805;1.08810;1.08830;1.08790
1.08810;1.08800;1.08835;1.08780
1.08810;1.08820;1.08880;1.08780
1.08780;1.08800;1.08825;1.08730
1.08880;1.08770;1.08890;1.08725
1.08850;1.08880;1.08900;1.08820
1.09020;1.08860;1.09050;1.08860
1.09000;1.09010;1.09050;1.08920
1.09090;1.08990;1.09140;1.08980
1.08990;1.09100;1.09130;1.08940
1.08870;1.08990;1.09000;1.08800
1.08870;1.08880;1.08900;1.08750
1.08880;1.08875;1.08920;1.08820
1.09020;1.08880;1.09050;1.08870
1.08990;1.09015;1.09030;1.08960
1.08980;1.08990;1.09030;1.08970
1.08960;1.08990;1.09020;1.08940
1.08960;1.08960;1.08960;1.08920
1.08970;1.08960;1.08970;1.08920
1.08960;1.08970;1.08980;1.08950
1.08970;1.08960;1.09020;1.08960
1.09010;1.08970;1.09010;1.08930
1.09060;1.09010;1.09110;1.08980
1.09080;1.09070;1.09130;1.09070
1.09150;1.09080;1.09160;1.09050
1.09090;1.09150;1.09170;1.09090
1.09050;1.09090;1.09140;1.09050
1.09170;1.09060;1.09210;1.09050
1.09250;1.09170;1.09300;1.09170
1.09100;1.09260;1.09290;1.09070
1.09080;1.09100;1.09130;1.08980
1.08870;1.09070;1.09110;1.08855
1.08850;1.08865;1.08910;1.08800
1.08660;1.08860;1.08910;1.08650
1.08440;1.08670;1.08710;1.08410
1.08500;1.08440;1.08540;1.08330
1.08460;1.08520;1.08560;1.08440
1.08490;1.08460;1.08520;1.08450
1.08530;1.08490;1.08560;1.08470
1.08520;1.08530;1.08560;1.08500
1.08460;1.08520;1.08520;1.08440
1.08450;1.08450;1.08500;1.08450
1.08450;1.08460;1.08480;1.08430
1.08460;1.08460;1.08480;1.08445
1.08460;1.08460;1.08485;1.08460
1.08470;1.08460;1.08540;1.08460
1.08550;1.08470;1.08570;1.08440
1.08550;1.08555;1.08580;1.08520
1.08580;1.08550;1.08600;1.08515
1.08610;1.08570;1.08610;1.08550
1.08630;1.08610;1.08640;1.08580
1.08610;1.08610;1.08650;1.08520
1.08180;1.08620;1.08710;1.08120
1.08190;1.08170;1.08310;1.08160
1.08090;1.08195;1.08210;1.08080
1.08090;1.08100;1.08120;1.08050
1.08115;1.08080;1.08190;1.08040
1.08050;1.08110;1.08135;1.08020
1.08380;1.08040;1.08450;1.08030
1.08455;1.08380;1.08540;1.08350
1.08615;1.08450;1.08635;1.08440
1.08630;1.08610;1.08690;1.08555
1.08650;1.08630;1.08700;1.08590
1.08585;1.08630;1.08650;1.08560
1.08630;1.08590;1.08670;1.08590
1.08630;1.08630;1.08660;1.08610
1.08630;1.08630;1.08690;1.08610
1.08640;1.08630;1.08680;1.08620
1.08650;1.08650;1.08670;1.08610
1.08695;1.08650;1.08750;1.08630
1.08600;1.08695;1.08710;1.08585
1.08640;1.08610;1.08680;1.08590
1.08660;1.08640;1.08710;1.08625
1.08700;1.08660;1.08700;1.08630
1.08700;1.08710;1.08770;1.08690
1.08580;1.08710;1.08730;1.08560
1.08560;1.08570;1.08610;1.08515
1.08620;1.08560;1.08650;1.08550
1.08470;1.08610;1.08630;1.08470
1.08550;1.08480;1.08570;1.08460
1.08430;1.08540;1.08590;1.08415
1.08210;1.08420;1.08440;1.08140
1.08420;1.08210;1.08445;1.08210
1.08390;1.08420;1.08490;1.08345
1.08260;1.08390;1.08410;1.08230
1.08220;1.08255;1.08270;1.08175
1.08170;1.08210;1.08240;1.08130
1.08100;1.08160;1.08200;1.08085
1.08060;1.08085;1.08120;1.08055
1.08100;1.08060;1.08120;1.08050
1.08130;1.08095;1.08160;1.08085
1.08070;1.08120;1.08130;1.08060
1.07990;1.08070;1.08070;1.07930
1.07945;1.07980;1.08040;1.07930
1.07900;1.07945;1.07950;1.07880
1.07860;1.07890;1.07900;1.07830
1.07810;1.07850;1.07880;1.07800
1.07830;1.07810;1.07830;1.07770
1.07910;1.07820;1.07920;1.07780
1.07800;1.07890;1.07910;1.07780
1.07720;1.07810;1.07930;1.07680
1.07860;1.07710;1.07890;1.07660
1.07900;1.07870;1.07950;1.07850
1.08030;1.07900;1.08040;1.07890
1.08020;1.08030;1.08120;1.08000
1.08130;1.08030;1.08170;1.08000
1.08070;1.08130;1.08160;1.08000
1.07715;1.08080;1.08420;1.07660
1.07860;1.07720;1.07910;1.07680
1.07970;1.07865;1.08005;1.07850
1.07990;1.07970;1.08030;1.07910
1.08075;1.07990;1.08130;1.07980
1.08030;1.08070;1.08110;1.07995
1.07950;1.08020;1.08040;1.07910
1.07960;1.07980;1.07980;1.07960
1.07940;1.07970;1.08010;1.07940
1.07980;1.07950;1.08020;1.07930
1.08020;1.07960;1.08050;1.07960
1.08030;1.08030;1.08100;1.08020
1.08080;1.08030;1.08100;1.08010
1.08100;1.08090;1.08105;1.08080
1.08080;1.08100;1.08120;1.08060
1.08100;1.08060;1.08140;1.08060
1.08160;1.08100;1.08195;1.08100
1.08080;1.08170;1.08210;1.08080
1.08010;1.08100;1.08110;1.08000
1.08090;1.08010;1.08100;1.07995
1.08120;1.08080;1.08220;1.08060
1.08050;1.08120;1.08120;1.08030
1.08110;1.08050;1.08120;1.08020
1.08070;1.08100;1.08140;1.08000
1.08055;1.08075;1.08140;1.07980
1.08090;1.08060;1.08100;1.08020
1.08070;1.08100;1.08125;1.08040
1.08090;1.08080;1.08120;1.08035
1.08110;1.08085;1.08125;1.08060
1.08170;1.08115;1.08200;1.08090
1.08190;1.08180;1.08200;1.08150
1.08190;1.08140;1.08230;1.08130
1.08260;1.08200;1.08270;1.08190
1.08260;1.08260;1.08300;1.08240
1.08235;1.08260;1.08320;1.08210
1.08340;1.08240;1.08370;1.08230
1.08360;1.08350;1.08360;1.08290
1.08365;1.08360;1.08385;1.08330
1.08240;1.08360;1.08370;1.08240
1.08220;1.08250;1.08260;1.08205
1.08080;1.08230;1.08235;1.08080
1.08200;1.08100;1.08300;1.08080
1.08110;1.08200;1.08230;1.08080
1.08130;1.08100;1.08170;1.08050
1.08070;1.08130;1.08170;1.08035
1.08040;1.08060;1.08120;1.08035
1.07920;1.08040;1.08065;1.07860
1.08030;1.07930;1.08065;1.07820
1.08280;1.08040;1.08500;1.08040
1.08500;1.08290;1.08570;1.08250
1.08640;1.08500;1.08640;1.08460
1.08740;1.08630;1.08770;1.08630
1.08720;1.08740;1.08740;1.08605
1.08860;1.08720;1.08920;1.08690
1.08790;1.08840;1.08860;1.08780
1.08790;1.08795;1.08800;1.08730
1.08850;1.08790;1.08850;1.08790
1.08690;1.08840;1.08850;1.08690
1.08705;1.08690;1.08730;1.08670
1.08690;1.08700;1.08730;1.08670
1.08680;1.08690;1.08710;1.08630
1.08690;1.08670;1.08695;1.08670
1.08600;1.08690;1.08690;1.08600
1.08670;1.08600;1.08710;1.08550
1.08695;1.08670;1.08770;1.08640
1.08650;1.08710;1.08740;1.08580
1.08660;1.08640;1.08680;1.08550
1.08890;1.08675;1.08940;1.08660
1.08905;1.08900;1.08920;1.08790
1.08780;1.08905;1.08920;1.08780
1.09210;1.08790;1.09260;1.08750
1.09450;1.09210;1.09450;1.09130
1.09290;1.09450;1.09450;1.09250
1.09260;1.09280;1.09340;1.09230
1.09250;1.09250;1.09265;1.09180
1.09200;1.09260;1.09330;1.09190
1.09230;1.09200;1.09240;1.09170
1.09220;1.09235;1.09250;1.09190
1.09230;1.09220;1.09240;1.09210
1.09250;1.09260;1.09280;1.09200
1.09265;1.09260;1.09300;1.09260
1.09300;1.09260;1.09320;1.09260
1.09330;1.09300;1.09345;1.09280
1.09290;1.09330;1.09400;1.09280
1.09210;1.09300;1.09300;1.09200
1.09210;1.09220;1.09230;1.09200
1.09190;1.09210;1.09230;1.09170
1.09175;1.09190;1.09200;1.09150
1.09070;1.09180;1.09240;1.09065
1.08920;1.09070;1.09090;1.08900
1.08790;1.08930;1.08940;1.08770
1.08750;1.08770;1.08820;1.08645
1.08740;1.08740;1.08770;1.08630
1.08690;1.08730;1.08735;1.08570
1.08740;1.08690;1.08860;1.08650
1.08480;1.08750;1.08750;1.08400
1.08550;1.08500;1.08570;1.08400
1.08390;1.08540;1.08590;1.08365
1.08385;1.08390;1.08440;1.08350
1.08490;1.08400;1.08520;1.08350
1.08455;1.08500;1.08540;1.08440
1.08450;1.08460;1.08510;1.08420
1.08430;1.08440;1.08470;1.08410
1.08420;1.08430;1.08450;1.08400
1.08420;1.08430;1.08450;1.08400
1.08430;1.08420;1.08460;1.08420
1.08375;1.08420;1.08450;1.08360
1.08470;1.08380;1.08540;1.08380
1.08440;1.08465;1.08520;1.08420
1.08420;1.08440;1.08455;1.08395
1.08470;1.08420;1.08480;1.08380
1.08450;1.08470;1.08490;1.08440
1.08500;1.08440;1.08505;1.08280
1.08560;1.08480;1.08600;1.08440
1.08490;1.08560;1.08570;1.08460
1.08500;1.08490;1.08560;1.08470
1.08450;1.08500;1.08500;1.08430
1.08330;1.08460;1.08500;1.08330
1.08630;1.08340;1.08820;1.08320
1.08540;1.08650;1.08810;1.08420
1.08060;1.08440;1.08535;1.08040
1.07870;1.08080;1.08080;1.07865
1.07850;1.07870;1.07870;1.07790
1.07850;1.07840;1.07890;1.07820
1.07790;1.07840;1.07850;1.07750
1.07750;1.07790;1.07810;1.07720
1.07760;1.07760;1.07775;1.07720
1.07760;1.07790;1.07830;1.07730
1.07740;1.07750;1.07770;1.07720
1.07755;1.07730;1.07770;1.07720
1.07790;1.07760;1.07810;1.07730
1.07770;1.07790;1.07830;1.07740
1.07860;1.07770;1.07880;1.07765
1.07850;1.07860;1.07875;1.07840
1.07870;1.07860;1.07870;1.07810
1.07870;1.07870;1.07910;1.07850
1.07900;1.07870;1.07950;1.07830
1.07950;1.07910;1.08070;1.07890
1.07980;1.07950;1.08020;1.07910
1.07950;1.07980;1.08010;1.07920
1.08050;1.07950;1.08055;1.07930
1.08000;1.08050;1.08090;1.07990
1.07975;1.08020;1.08020;1.07950
1.07950;1.07980;1.08060;1.07950
1.07860;1.07955;1.07960;1.07830
1.07990;1.07840;1.08000;1.07830
1.07935;1.08000;1.08000;1.07915
1.07950;1.07940;1.07965;1.07930
1.07950;1.07955;1.07965;1.07950
1.07930;1.07950;1.07955;1.07930
1.07950;1.07950;1.07970;1.07940
1.07950;1.07960;1.07970;1.07910
1.07950;1.07950;1.07980;1.07945
1.07915;1.07930;1.07950;1.07910
1.07940;1.07910;1.07940;1.07890
1.07880;1.07930;1.07990;1.07850
1.07875;1.07890;1.07890;1.07830
1.07890;1.07880;1.07890;1.07810
1.07920;1.07890;1.07950;1.07870
1.07860;1.07920;1.07940;1.07810
1.07670;1.07870;1.07870;1.07580
1.07550;1.07670;1.07720;1.07550
1.07500;1.07560;1.07590;1.07410
1.07475;1.07480;1.07580;1.07440
1.07390;1.07480;1.07490;1.07390
1.07325;1.07395;1.07400;1.07300
1.07440;1.07330;1.07490;1.07160
1.07295;1.07450;1.07490;1.07260
1.07080;1.07300;1.07300;1.07070
1.07270;1.07090;1.07320;1.07070
1.07300;1.07260;1.07320;1.07230
1.07230;1.07290;1.07320;1.07220
1.07220;1.07220;1.07270;1.07200
1.07220;1.07220;1.07280;1.07190
1.07230;1.07220;1.07230;1.07190
1.07235;1.07225;1.07290;1.07220
1.07265;1.07220;1.07265;1.07220
1.07240;1.07260;1.07285;1.07240
1.07200;1.07240;1.07260;1.07150
1.07140;1.07200;1.07220;1.07130
1.07340;1.07140;1.07340;1.07140
1.07330;1.07340;1.07345;1.07290
1.07360;1.07330;1.07370;1.07300
1.07390;1.07360;1.07390;1.07330
1.07310;1.07380;1.07395;1.07280
1.07290;1.07310;1.07470;1.07240
1.07350;1.07300;1.07380;1.07240
1.07330;1.07340;1.07360;1.07240
1.07390;1.07340;1.07450;1.07320
1.07440;1.07390;1.07490;1.07390
1.07370;1.07430;1.07450;1.07335
1.07370;1.07370;1.07410;1.07250
1.07090;1.07210;1.07380;1.07030
1.07130;1.07090;1.07190;1.07050
1.07210;1.07130;1.07210;1.07110
1.07280;1.07210;1.07300;1.07200
1.07260;1.07280;1.07300;1.07220
1.07270;1.07260;1.07280;1.07230
1.07280;1.07260;1.07285;1.07240
1.07250;1.07275;1.07275;1.07230
1.07255;1.07250;1.07280;1.07240
1.07240;1.07240;1.07260;1.07220
1.07230;1.07240;1.07260;1.07190
1.07300;1.07220;1.07320;1.07200
1.07275;1.07310;1.07310;1.07230
1.07300;1.07280;1.07320;1.07240
1.07190;1.07300;1.07305;1.07180
1.07200;1.07190;1.07220;1.07155
1.07170;1.07180;1.07260;1.07150
1.07150;1.07180;1.07200;1.07085
1.07110;1.07160;1.07170;1.07080
1.07140;1.07100;1.07180;1.07070
1.07060;1.07145;1.07150;1.07040
1.07060;1.07060;1.07130;1.07030
1.06940;1.07050;1.07110;1.06860
1.06910;1.06940;1.07050;1.06910
1.07040;1.06910;1.07095;1.06860
1.07040;1.07035;1.07090;1.06940
1.07040;1.07030;1.07100;1.07030
1.06990;1.07030;1.07095;1.06990
1.06940;1.06990;1.07040;1.06940
1.06955;1.06945;1.07010;1.06940
1.06965;1.06960;1.06990;1.06950
1.06970;1.06965;1.07000;1.06965
1.06960;1.06970;1.06990;1.06960
1.06975;1.06960;1.06980;1.06940
1.07140;1.06980;1.07160;1.06970
1.07170;1.07150;1.07200;1.07050
1.07170;1.07180;1.07230;1.07150
1.07170;1.07180;1.07190;1.07150
1.07140;1.07170;1.07170;1.07130
1.07250;1.07150;1.07260;1.07130
1.07155;1.07240;1.07280;1.07145
1.07080;1.07160;1.07195;1.07070
1.07110;1.07090;1.07180;1.07070
1.07035;1.07110;1.07120;1.06990
1.07000;1.07030;1.07050;1.06970
1.06990;1.07005;1.07050;1.06940
1.07020;1.06990;1.07130;1.06970
1.07250;1.07025;1.07260;1.06990
1.07160;1.07260;1.07440;1.07140
1.07080;1.07150;1.07180;1.07060
1.07050;1.07090;1.07140;1.07000
1.07060;1.07050;1.07110;1.07030
1.06980;1.07060;1.07090;1.06970
1.06990;1.06980;1.07010;1.06970
1.07005;1.06990;1.07030;1.06990
1.07165;1.07160;1.07205;1.07120
1.07110;1.07160;1.07160;1.07080
1.07160;1.07110;1.07210;1.07080
1.07130;1.07160;1.07210;1.07100
1.07200;1.07140;1.07210;1.07100
1.07240;1.07200;1.07280;1.07180
1.07225;1.07240;1.07260;1.07200
1.07370;1.07230;1.07380;1.07220
1.07280;1.07360;1.07410;1.07280
1.07330;1.07300;1.07360;1.07240
1.07280;1.07330;1.07380;1.07245
1.07290;1.07260;1.07340;1.07220
1.07330;1.07280;1.07345;1.07230
1.07325;1.07330;1.07340;1.07255
1.07180;1.07320;1.07320;1.07180
1.07270;1.07200;1.07280;1.07160
1.07360;1.07275;1.07370;1.07220
1.07450;1.07360;1.07600;1.07340
1.07420;1.07450;1.07500;1.07410
1.07500;1.07430;1.07580;1.07430
1.07450;1.07510;1.07530;1.07430
1.07460;1.07460;1.07520;1.07440
1.07495;1.07450;1.07510;1.07445
1.07500;1.07490;1.07510;1.07480
1.07500;1.07460;1.07540;1.07460
1.07510;1.07510;1.07530;1.07490
1.07480;1.07500;1.07510;1.07470
1.07440;1.07470;1.07480;1.07430
1.07410;1.07430;1.07680;1.07370
1.07510;1.07410;1.07510;1.07390
1.07460;1.07510;1.07510;1.07450
1.07390;1.07460;1.07470;1.07390
1.07370;1.07390;1.07410;1.07350
1.07330;1.07370;1.07410;1.07300
1.07140;1.07330;1.07350;1.07130
1.07140;1.07130;1.07240;1.07130
1.07230;1.07145;1.07265;1.07130
1.07170;1.07220;1.07245;1.07120
1.07190;1.07160;1.07190;1.07080
1.07080;1.07180;1.07210;1.07050
1.07175;1.07070;1.07190;1.07050
1.07140;1.07170;1.07180;1.07110
1.07260;1.07150;1.07300;1.07130
1.07230;1.07260;1.07370;1.07220
1.07260;1.07230;1.07340;1.07230
1.07330;1.07260;1.07345;1.07240
1.07280;1.07320;1.07340;1.07280
1.07540;1.07280;1.07650;1.07280
1.07590;1.07545;1.07640;1.07510
1.07560;1.07590;1.07610;1.07545
1.07525;1.07560;1.07580;1.07525
1.07590;1.07530;1.07645;1.07530
1.07570;1.07595;1.07650;1.07550
1.07480;1.07575;1.07600;1.07450
1.07480;1.07460;1.07510;1.07450
1.07520;1.07470;1.07540;1.07460
1.07440;1.07530;1.07550;1.07410
1.07380;1.07430;1.07470;1.07345
1.07430;1.07370;1.07490;1.07310
1.07360;1.07430;1.07450;1.07320
1.07310;1.07355;1.07400;1.07280
1.07370;1.07295;1.07390;1.07280
1.07365;1.07370;1.07410;1.07300
1.07480;1.07370;1.07620;1.07110
1.07400;1.07470;1.07560;1.07300
1.07390;1.07390;1.07430;1.07265
1.07370;1.07390;1.07450;1.07310
1.07405;1.07370;1.07470;1.07340
1.07440;1.07410;1.07490;1.07370
1.07320;1.07450;1.07470;1.07320
1.07320;1.07320;1.07330;1.07280
1.07290;1.07320;1.07325;1.07290
1.07300;1.07290;1.07320;1.07280
1.07330;1.07310;1.07345;1.07300
1.07330;1.07320;1.07350;1.07300
1.07400;1.07340;1.07430;1.07300
1.07375;1.07400;1.07435;1.07350
1.07410;1.07370;1.07410;1.07320
1.07445;1.07410;1.07470;1.07410
1.07480;1.07445;1.07490;1.07440
1.07480;1.07470;1.07530;1.07465
1.07430;1.07490;1.07490;1.07400
1.07350;1.07430;1.07430;1.07325
1.07345;1.07340;1.07405;1.07320
1.07290;1.07340;1.07375;1.07240
1.07360;1.07290;1.07375;1.07270
1.07290;1.07350;1.07375;1.07290
1.06760;1.07300;1.07470;1.06550
1.06640;1.06760;1.06970;1.06610
1.06630;1.06650;1.06750;1.06540
1.06590;1.06640;1.06750;1.06560
1.06480;1.06590;1.06630;1.06450
1.06360;1.06490;1.06510;1.06310
1.06350;1.06360;1.06410;1.06330
1.06430;1.06350;1.06440;1.06350
1.06430;1.06425;1.06470;1.06420
1.06430;1.06435;1.06450;1.06380
1.06420;1.06430;1.06440;1.06390
1.06360;1.06420;1.06420;1.06350
1.06420;1.06350;1.06440;1.06340
1.06400;1.06420;1.06440;1.06330
1.06435;1.06400;1.06480;1.06400
1.06480;1.06440;1.06480;1.06420
1.06530;1.06475;1.06540;1.06440
1.06565;1.06540;1.06570;1.06480
1.06620;1.06550;1.06680;1.06520
1.06640;1.06610;1.06650;1.06500
1.06660;1.06635;1.06690;1.06610
1.06635;1.06650;1.06690;1.06610
1.06570;1.06630;1.06690;1.06540
1.06550;1.06560;1.06600;1.06520
1.06500;1.06550;1.06620;1.06440
1.06630;1.06500;1.06680;1.06500
1.06650;1.06620;1.06880;1.06610
1.06715;1.06650;1.06770;1.06610
1.06730;1.06720;1.06800;1.06695
1.06720;1.06720;1.06760;1.06680
1.06620;1.06720;1.06720;1.06610
1.06600;1.06605;1.06640;1.06590
1.06600;1.06600;1.06640;1.06570
1.06640;1.06620;1.06650;1.06600
1.06645;1.06650;1.06690;1.06630
1.06680;1.06630;1.06690;1.06620
1.06720;1.06680;1.06720;1.06670
1.06625;1.06720;1.06740;1.06610
1.06650;1.06620;1.06690;1.06620
1.06640;1.06660;1.06690;1.06630
1.06690;1.06630;1.06700;1.06630
1.06680;1.06690;1.06730;1.06680
1.06590;1.06690;1.06780;1.06590
1.06630;1.06580;1.06670;1.06570
1.06650;1.06620;1.06660;1.06560
1.06720;1.06640;1.06750;1.06610
1.06680;1.06730;1.06750;1.06670
1.06620;1.06690;1.06710;1.06620
1.06580;1.06630;1.06690;1.06560
1.06620;1.06570;1.06710;1.06540
1.06740;1.06630;1.06760;1.06590
1.06940;1.06755;1.06990;1.06735
1.06920;1.06940;1.06960;1.06840
1.06870;1.06930;1.06990;1.06870
1.06785;1.06880;1.06880;1.06780
1.06870;1.06775;1.06870;1.06775
1.06920;1.06865;1.06930;1.06855
1.06930;1.06890;1.06950;1.06850
1.06920;1.06930;1.06940;1.06885
1.06920;1.06920;1.06940;1.06910
1.06890;1.06920;1.06970;1.06880
1.06840;1.06890;1.06900;1.06800
1.06840;1.06840;1.06880;1.06820
1.06825;1.06850;1.06860;1.06820
1.06810;1.06825;1.06860;1.06780
1.06800;1.06800;1.06820;1.06760
1.06790;1.06790;1.06840;1.06760
1.06950;1.06780;1.06960;1.06745
1.06870;1.06940;1.06940;1.06840
1.06890;1.06860;1.06910;1.06815
1.07000;1.06900;1.07095;1.06860
1.07080;1.07005;1.07100;1.06990
1.06995;1.07090;1.07180;1.06940
1.06920;1.06990;1.07010;1.06830
1.06890;1.06920;1.06940;1.06820
1.06830;1.06900;1.06930;1.06790
1.06850;1.06830;1.06860;1.06780
1.06840;1.06850;1.06920;1.06810
1.06770;1.06845;1.06860;1.06770
1.06810;1.06760;1.06820;1.06760
1.06790;1.06810;1.06820;1.06780
1.06795;1.06795;1.06830;1.06780
1.06825;1.06780;1.06830;1.06780
1.06820;1.06820;1.06840;1.06800
1.06850;1.06800;1.06860;1.06790
1.06860;1.06850;1.06880;1.06800
1.06840;1.06865;1.06900;1.06820
1.06800;1.06835;1.06840;1.06775
1.06790;1.06800;1.06820;1.06765
1.06810;1.06785;1.06840;1.06780
1.06820;1.06800;1.06940;1.06730
1.06905;1.06820;1.06930;1.06750
1.06970;1.06900;1.06970;1.06890
1.06980;1.06965;1.07000;1.06920
1.07040;1.06985;1.07050;1.06975
1.07005;1.07030;1.07055;1.06960
1.06990;1.07030;1.07040;1.06915
1.07170;1.06990;1.07180;1.06970
1.07190;1.07180;1.07280;1.07130
1.07150;1.07200;1.07240;1.07130
1.07360;1.07140;1.07370;1.07125
1.07260;1.07350;1.07360;1.07240
1.06865;1.07280;1.07280;1.06740
1.06600;1.06860;1.06900;1.06570
1.06610;1.06590;1.06630;1.06500
1.06640;1.06610;1.06650;1.06590
1.06560;1.06630;1.06650;1.06520
1.06510;1.06550;1.06550;1.06480
1.06320;1.06500;1.06500;1.06300
1.06375;1.06310;1.06400;1.06280
1.06270;1.06370;1.06420;1.06170
1.06370;1.06265;1.06380;1.06265
1.06370;1.06370;1.06380;1.06330
1.06340;1.06370;1.06390;1.06320
1.06495;1.06340;1.06550;1.06330
1.06550;1.06500;1.06590;1.06380
1.06550;1.06550;1.06630;1.06520
1.06530;1.06540;1.06650;1.06520
1.06510;1.06540;1.06630;1.06465
1.06360;1.06500;1.06500;1.06330
1.06420;1.06360;1.06420;1.06250
1.06410;1.06440;1.06610;1.06390
1.06590;1.06410;1.06730;1.06380
1.06645;1.06590;1.06690;1.06550
1.06560;1.06640;1.06670;1.06540
1.06650;1.06550;1.06710;1.06550
1.06620;1.06650;1.06710;1.06610
1.06590;1.06620;1.06670;1.06590
1.06620;1.06590;1.06630;1.06570
1.06595;1.06600;1.06620;1.06570
1.06610;1.06600;1.06640;1.06590
1.06600;1.06610;1.06620;1.06590
1.06570;1.06610;1.06630;1.06530
1.06430;1.06570;1.06580;1.06410
1.06480;1.06440;1.06520;1.06420
1.06515;1.06480;1.06540;1.06480
1.06550;1.06520;1.06570;1.06510
1.06500;1.06545;1.06580;1.06490
1.06595;1.06480;1.06600;1.06470
1.06450;1.06590;1.06680;1.06150
1.06470;1.06480;1.06520;1.06390
1.06380;1.06465;1.06490;1.06340
1.06360;1.06390;1.06480;1.06340
1.06360;1.06360;1.06420;1.06350
1.06550;1.06380;1.06610;1.06370
1.06610;1.06550;1.06630;1.06420
1.06590;1.06610;1.06720;1.06570
1.06580;1.06580;1.06650;1.06530
1.06550;1.06595;1.06620;1.06540
1.06530;1.06555;1.06620;1.06510
1.06470;1.06520;1.06530;1.06390
1.06440;1.06460;1.06520;1.06440
1.06470;1.06440;1.06520;1.06420
1.06470;1.06550;1.06550;1.06430
1.06490;1.06460;1.06520;1.06460
1.06480;1.06490;1.06520;1.06470
1.06545;1.06480;1.06555;1.06480
1.06470;1.06545;1.06550;1.06440
1.06490;1.06470;1.06500;1.06430
1.06480;1.06490;1.06510;1.06480
1.06480;1.06480;1.06510;1.06460
1.06430;1.06500;1.06500;1.06415
1.06460;1.06440;1.06540;1.06420
1.06390;1.06460;1.06540;1.06310
1.06260;1.06380;1.06440;1.06230
1.06330;1.06255;1.06370;1.06230
1.06370;1.06350;1.06420;1.06340
1.06300;1.06380;1.06440;1.06285
1.06225;1.06310;1.06355;1.06180
1.06040;1.06230;1.06250;1.05950
1.05780;1.06020;1.06080;1.05750
1.05900;1.05770;1.05930;1.05750
1.05895;1.05910;1.05970;1.05860
1.05960;1.05890;1.05980;1.05880
1.05870;1.05960;1.05985;1.05850
1.05930;1.05870;1.05935;1.05850
1.05930;1.05930;1.05950;1.05910
1.05930;1.05935;1.05940;1.05900
1.05950;1.05920;1.05970;1.05920
1.05920;1.05930;1.05960;1.05910
1.05840;1.05910;1.05920;1.05805
1.05865;1.05840;1.05880;1.05830
1.05800;1.05870;1.05880;1.05800
1.05870;1.05805;1.05870;1.05785
1.05920;1.05870;1.05930;1.05840
1.05880;1.05920;1.05930;1.05820
1.05710;1.05870;1.05890;1.05710
1.05850;1.05720;1.05890;1.05690
1.05950;1.05850;1.06000;1.05830
1.05980;1.05960;1.06040;1.05930
1.05950;1.05970;1.06020;1.05930
1.05990;1.05960;1.06040;1.05890
1.06060;1.05990;1.06100;1.05980
1.05930;1.06060;1.06060;1.05850
1.05830;1.05930;1.05980;1.05790
1.05725;1.05830;1.05850;1.05680
1.05690;1.05740;1.05770;1.05670
1.05710;1.05690;1.05770;1.05670
1.05670;1.05720;1.05720;1.05620
1.05700;1.05670;1.05720;1.05640
1.05720;1.05700;1.05750;1.05695
1.05710;1.05720;1.05730;1.05690
1.05720;1.05720;1.05750;1.05700
1.05695;1.05720;1.05740;1.05680
1.05600;1.05700;1.05720;1.05560
1.05690;1.05600;1.05700;1.05580
1.05650;1.05690;1.05695;1.05590
1.05625;1.05640;1.05660;1.05600
1.05600;1.05620;1.05640;1.05570
1.05600;1.05600;1.05640;1.05555
1.05690;1.05600;1.05715;1.05570
1.05650;1.05690;1.05740;1.05640
1.05590;1.05650;1.05700;1.05580
1.05600;1.05600;1.05640;1.05530
1.05550;1.05600;1.05620;1.05520
1.05390;1.05540;1.05550;1.05340
1.05470;1.05410;1.05510;1.05340
1.05210;1.05460;1.05490;1.05120
1.05090;1.05210;1.05260;1.05090
1.05090;1.05090;1.05240;1.05090
1.05030;1.05090;1.05100;1.05000
1.04990;1.05030;1.05110;1.04900
1.05070;1.04990;1.05095;1.04880
1.05055;1.05070;1.05190;1.05010
1.05030;1.05060;1.05060;1.04990
1.05070;1.05060;1.05090;1.05020
1.05035;1.05070;1.05080;1.05030
1.05060;1.05030;1.05070;1.05020
1.05160;1.05060;1.05160;1.05050
1.05110;1.05160;1.05160;1.05090
1.05000;1.05110;1.05120;1.04990
1.05045;1.04995;1.05060;1.04990
1.05045;1.05030;1.05060;1.04970
1.05080;1.05050;1.05100;1.04950
1.04955;1.05090;1.05090;1.04910
1.05080;1.04950;1.05190;1.04940
1.05165;1.05090;1.05240;1.05050
1.05400;1.05170;1.05420;1.05160
1.05390;1.05390;1.05420;1.05320
1.05415;1.05400;1.05490;1.05370
1.05180;1.05410;1.05580;1.05180
1.05495;1.05180;1.05550;1.05180
1.05630;1.05500;1.05680;1.05450
1.05780;1.05630;1.05790;1.05580
1.05580;1.05770;1.05790;1.05560
1.05510;1.05575;1.05640;1.05500
1.05550;1.05510;1.05645;1.05500
1.05630;1.05560;1.05640;1.05530
1.05650;1.05640;1.05680;1.05620
1.05660;1.05610;1.05670;1.05580
1.05650;1.05650;1.05680;1.05640
1.05620;1.05640;1.05650;1.05620
1.05650;1.05620;1.05650;1.05580
1.05740;1.05640;1.05770;1.05620
1.05790;1.05740;1.05830;1.05740
1.05755;1.05790;1.05810;1.05750
1.05800;1.05760;1.05820;1.05750
1.05780;1.05810;1.05870;1.05750
1.05900;1.05765;1.05930;1.05750
1.06070;1.05910;1.06110;1.05880
1.06100;1.06060;1.06170;1.05990
1.06145;1.06090;1.06170;1.06040
1.06090;1.06140;1.06170;1.06060
1.05940;1.06100;1.06120;1.05900
1.05980;1.05940;1.06100;1.05890
1.05810;1.06000;1.06080;1.05750
1.05870;1.05830;1.05930;1.05700
1.05840;1.05890;1.05910;1.05720
1.05775;1.05840;1.05870;1.05745
1.05640;1.05770;1.05780;1.05640
1.05770;1.05660;1.05800;1.05640
1.05710;1.05775;1.05790;1.05700
1.05720;1.05730;1.05770;1.05695
1.05690;1.05710;1.05740;1.05635
1.05600;1.05680;1.05720;1.05580
1.05630;1.05600;1.05650;1.05580
1.05650;1.05640;1.05680;1.05620
1.05680;1.05640;1.05710;1.05640
1.05680;1.05680;1.05720;1.05680
1.05690;1.05680;1.05700;1.05680
1.05680;1.05700;1.05720;1.05680
1.05620;1.05700;1.05700;1.05600
1.05900;1.05620;1.05900;1.05620
1.05720;1.05890;1.05920;1.05710
1.05620;1.05720;1.05790;1.05590
1.05390;1.05620;1.05630;1.05340
1.05400;1.05390;1.05440;1.05340
1.05310;1.05400;1.05430;1.05300
1.05290;1.05320;1.05380;1.05250
1.05170;1.05295;1.05330;1.05150
1.04950;1.05160;1.05280;1.04920
1.04990;1.04960;1.05130;1.04960
1.04900;1.04990;1.04990;1.04880
1.04970;1.04890;1.05050;1.04890
1.04930;1.04960;1.05030;1.04900
1.04800;1.04940;1.04950;1.04800
1.04770;1.04800;1.04830;1.04770
1.04800;1.04780;1.04810;1.04780
1.04765;1.04800;1.04830;1.04760
1.04790;1.04770;1.04830;1.04750
1.04740;1.04800;1.04810;1.04650
1.04720;1.04710;1.04755;1.04670
1.04670;1.04720;1.04720;1.04630
1.04680;1.04670;1.04710;1.04650
1.04620;1.04680;1.04710;1.04600
1.04660;1.04630;1.04670;1.04610
1.04730;1.04670;1.04750;1.04625
1.04825;1.04740;1.04840;1.04690
1.04855;1.04830;1.04940;1.04780
1.04840;1.04860;1.04920;1.04800
1.04760;1.04840;1.04860;1.04760
1.04740;1.04760;1.04820;1.04690
1.04670;1.04740;1.04790;1.04620
1.04800;1.04665;1.04860;1.04640
1.04760;1.04810;1.04825;1.04500
1.04530;1.04760;1.04760;1.04480
1.04620;1.04530;1.04730;1.04520
1.04700;1.04630;1.04760;1.04620
1.04745;1.04690;1.04800;1.04590
1.04710;1.04755;1.04790;1.04710
1.04660;1.04710;1.04740;1.04650
1.04650;1.04700;1.04710;1.04650
1.04650;1.04650;1.04680;1.04640
1.04690;1.04630;1.04700;1.04630
1.04720;1.04680;1.04760;1.04650
1.04670;1.04720;1.04720;1.04610
1.04640;1.04670;1.04690;1.04590
1.04590;1.04635;1.04670;1.04570
1.04710;1.04590;1.04710;1.04580
1.04685;1.04710;1.04740;1.04660
1.04610;1.04690;1.04690;1.04540
1.04840;1.04590;1.04860;1.04520
1.04860;1.04840;1.04890;1.04790
1.04990;1.04860;1.05040;1.04850
1.05030;1.04970;1.05115;1.04950
1.04980;1.05040;1.05170;1.04970
1.05270;1.04990;1.05320;1.04960
1.05070;1.05260;1.05260;1.05050
1.04920;1.05070;1.05110;1.04830
1.05180;1.04940;1.05205;1.04900
1.05120;1.05180;1.05220;1.05110
1.05020;1.05120;1.05130;1.05010
1.05030;1.05035;1.05070;1.04970
1.05155;1.05030;1.05200;1.05010
1.05050;1.05150;1.05160;1.05030
1.05060;1.05090;1.05090;1.05030
1.05060;1.05080;1.05090;1.05050
1.05070;1.05070;1.05090;1.05050
1.05210;1.05070;1.05220;1.05020
1.05290;1.05200;1.05290;1.05200
1.05235;1.05290;1.05300;1.05210
1.05260;1.05230;1.05290;1.05215
1.05210;1.05260;1.05270;1.05200
1.05170;1.05210;1.05260;1.05160
1.05070;1.05180;1.05210;1.05050
1.05100;1.05070;1.05150;1.05010
1.05040;1.05080;1.05200;1.05030
1.05080;1.05040;1.05160;1.05030
1.05190;1.05070;1.05240;1.05050
1.05230;1.05180;1.05260;1.05110
1.05150;1.05240;1.05300;1.05000
1.05250;1.05140;1.05320;1.05080
1.05300;1.05260;1.05340;1.05130
1.05260;1.05310;1.05380;1.05200
1.05360;1.05260;1.05400;1.05240
1.05370;1.05365;1.05400;1.05290
1.05510;1.05380;1.05520;1.05380
1.05500;1.05510;1.05520;1.05450
1.05500;1.05495;1.05520;1.05480
1.05480;1.05505;1.05510;1.05440
1.05480;1.05490;1.05510;1.05480
1.05470;1.05490;1.05490;1.05460
1.05420;1.05470;1.05480;1.05410
1.05430;1.05425;1.05450;1.05380
1.05440;1.05430;1.05470;1.05405
1.05425;1.05450;1.05470;1.05400
1.05400;1.05430;1.05450;1.05390
1.05340;1.05400;1.05420;1.05330
1.05345;1.05340;1.05410;1.05310
1.05510;1.05350;1.05510;1.05340
1.05490;1.05500;1.05530;1.05420
1.05520;1.05480;1.05580;1.05460
1.05550;1.05530;1.05640;1.05530
1.05670;1.05550;1.05680;1.05510
1.04990;1.05660;1.05680;1.04820
1.05120;1.04990;1.05230;1.04890
1.05370;1.05130;1.05560;1.05050
1.05950;1.05380;1.06000;1.05360
1.05790;1.05945;1.05960;1.05750
1.05890;1.05790;1.05930;1.05770
1.05940;1.05890;1.06000;1.05870
1.05900;1.05940;1.05960;1.05890
1.05510;1.05600;1.05640;1.05510
1.05580;1.05515;1.05600;1.05500
1.05570;1.05570;1.05640;1.05510
1.05660;1.05580;1.05690;1.05580
1.05740;1.05665;1.05750;1.05620
1.05630;1.05735;1.05735;1.05560
1.05620;1.05640;1.05660;1.05580
1.05525;1.05615;1.05615;1.05510
1.05500;1.05530;1.05550;1.05480
1.05530;1.05500;1.05565;1.05500
1.05360;1.05530;1.05590;1.05320
1.05230;1.05370;1.05400;1.05190
1.05420;1.05230;1.05420;1.05200
1.05330;1.05420;1.05450;1.05300
1.05290;1.05340;1.05340;1.05235
1.05265;1.05280;1.05410;1.05265
1.05330;1.05280;1.05370;1.05220
1.05535;1.05330;1.05550;1.05320
1.05450;1.05530;1.05580;1.05370
1.05390;1.05460;1.05530;1.05385
1.05350;1.05400;1.05450;1.05340
1.05630;1.05360;1.05660;1.05350
1.05645;1.05630;1.05680;1.05600
1.05690;1.05640;1.05700;1.05640
1.05680;1.05690;1.05720;1.05650
1.05660;1.05670;1.05700;1.05600
1.05680;1.05670;1.05720;1.05660
1.05780;1.05680;1.05800;1.05680
1.05730;1.05790;1.05840;1.05700
1.05730;1.05730;1.05810;1.05700
1.05670;1.05730;1.05770;1.05660
1.05700;1.05660;1.05705;1.05660
1.05615;1.05700;1.05700;1.05600
1.05630;1.05620;1.05680;1.05580
1.05620;1.05620;1.05700;1.05540
1.05710;1.05600;1.05730;1.05540
1.06040;1.05720;1.06100;1.05700
1.06020;1.06040;1.06120;1.05975
1.05930;1.06020;1.06050;1.05910
1.05760;1.05930;1.05930;1.05720
1.05940;1.05760;1.05950;1.05740
1.05940;1.05930;1.05970;1.05850
1.05980;1.05950;1.06070;1.05890
1.06170;1.05960;1.06190;1.05960
1.06170;1.06175;1.06200;1.06100
1.05950;1.06170;1.06190;1.05930
1.05985;1.05945;1.06020;1.05925
1.06050;1.05985;1.06070;1.05930
1.06055;1.06040;1.06070;1.06020
1.06060;1.06000;1.06090;1.06000
1.06060;1.06040;1.06075;1.06040
1.06040;1.06060;1.06100;1.06030
1.06105;1.06040;1.06150;1.06040
1.06080;1.06110;1.06120;1.06020
1.06070;1.06080;1.06100;1.06020
1.06040;1.06080;1.06080;1.06040
1.06020;1.06050;1.06080;1.06020
1.06020;1.06035;1.06105;1.06000
1.06110;1.06020;1.06150;1.05990
1.05990;1.06120;1.06290;1.05955
1.06080;1.06000;1.06140;1.05930
1.06045;1.06080;1.06150;1.06040
1.06020;1.06050;1.06070;1.05975
1.06030;1.06020;1.06090;1.05960
1.06150;1.06040;1.06150;1.05810
1.06290;1.06150;1.06350;1.06060
1.06240;1.06290;1.06350;1.06190
1.06125;1.06230;1.06250;1.06100
1.06070;1.06125;1.06130;1.06000
1.05940;1.06070;1.06100;1.05850
1.06080;1.05930;1.06080;1.05910
1.06120;1.06070;1.06160;1.06070
1.06200;1.06125;1.06210;1.06120
1.06210;1.06220;1.06230;1.06140
1.06200;1.06200;1.06220;1.06190
1.06230;1.06190;1.06260;1.06190
1.06220;1.06230;1.06290;1.06200
1.06260;1.06230;1.06270;1.06200
1.06240;1.06250;1.06270;1.06205
1.06280;1.06230;1.06290;1.06210
1.06310;1.06290;1.06320;1.06270
1.06310;1.06310;1.06340;1.06290
1.06360;1.06310;1.06400;1.06270
1.06200;1.06360;1.06360;1.06200
1.06270;1.06210;1.06270;1.06190
1.06180;1.06270;1.06270;1.06160
1.06190;1.06190;1.06270;1.06170
1.06200;1.06190;1.06210;1.06140
1.05820;1.06195;1.06270;1.05720
1.05500;1.05810;1.05870;1.05470
1.05560;1.05490;1.05630;1.05450
1.05520;1.05540;1.05600;1.05450
1.05490;1.05530;1.05610;1.05470
1.05340;1.05480;1.05490;1.05320
1.05260;1.05350;1.05370;1.05260
1.05310;1.05270;1.05340;1.05260
1.05290;1.05320;1.05320;1.05280
1.05310;1.05275;1.05360;1.05270
1.05320;1.05300;1.05320;1.05300
1.05350;1.05320;1.05380;1.05310
1.05380;1.05370;1.05400;1.05340
1.05430;1.05390;1.05430;1.05370
1.05460;1.05430;1.05470;1.05400
1.05455;1.05460;1.05490;1.05425
1.05500;1.05460;1.05510;1.05430
1.05490;1.05500;1.05510;1.05440
1.05360;1.05480;1.05495;1.05335
1.05520;1.05370;1.05580;1.05320
1.05530;1.05510;1.05580;1.05505
1.05290;1.05530;1.05550;1.05280
1.05180;1.05295;1.05310;1.05155
1.05240;1.05180;1.05310;1.05140
1.05370;1.05260;1.05475;1.05210
1.05260;1.05380;1.05410;1.05160
1.05040;1.05160;1.05260;1.04990
1.05010;1.05050;1.05050;1.04950
1.05090;1.05010;1.05160;1.04990
1.05050;1.05090;1.05120;1.05010
1.05120;1.05050;1.05130;1.05040
1.05135;1.05110;1.05160;1.05090
1.05160;1.05115;1.05180;1.05115
1.05220;1.05150;1.05260;1.05090
1.05210;1.05180;1.05260;1.05150
1.05220;1.05210;1.05230;1.05170
1.05175;1.05220;1.05240;1.05160
1.05230;1.05175;1.05260;1.05175
1.05220;1.05220;1.05260;1.05200
1.05240;1.05220;1.05240;1.05200
1.05260;1.05240;1.05270;1.05220
1.05280;1.05260;1.05300;1.05230
1.05340;1.05300;1.05390;1.05260
1.05350;1.05350;1.05360;1.05240
1.05410;1.05340;1.05430;1.05230
1.05320;1.05400;1.05430;1.05315
1.05330;1.05320;1.05350;1.05275
1.05370;1.05320;1.05390;1.05260
1.05410;1.05370;1.05470;1.05300
1.05300;1.05410;1.05440;1.05280
1.05495;1.05300;1.05560;1.05260
1.05440;1.05500;1.05530;1.05390
1.05480;1.05450;1.05490;1.05410
1.05550;1.05470;1.05560;1.05430
1.05550;1.05555;1.05570;1.05510
1.05630;1.05540;1.05630;1.05525
1.05600;1.05620;1.05630;1.05580
1.05595;1.05600;1.05620;1.05580
1.05565;1.05600;1.05620;1.05560
1.05540;1.05560;1.05580;1.05530
1.05560;1.05540;1.05605;1.05540
1.05520;1.05560;1.05560;1.05490
1.05500;1.05525;1.05530;1.05460
1.05490;1.05500;1.05545;1.05480
1.05470;1.05500;1.05510;1.05450
1.05430;1.05470;1.05510;1.05430
1.05370;1.05450;1.05450;1.05330
1.05500;1.05370;1.05550;1.05340
1.05360;1.05480;1.05490;1.05325
1.05540;1.05360;1.05545;1.05360
1.05530;1.05540;1.05625;1.05460
1.05755;1.05540;1.05790;1.05530
1.05470;1.05750;1.05775;1.05380
1.05480;1.05470;1.05620;1.05400
1.05750;1.05490;1.05870;1.05480
1.05925;1.05750;1.05930;1.05750
1.05800;1.05920;1.05950;1.05790
1.05670;1.05790;1.05810;1.05640
1.05690;1.05670;1.05750;1.05640
1.05770;1.05690;1.05810;1.05690
1.05780;1.05770;1.05780;1.05735
1.05760;1.05770;1.05790;1.05750
1.05760;1.05770;1.05780;1.05750
1.05730;1.05760;1.05760;1.05720
1.05640;1.05720;1.05750;1.05600
1.05690;1.05640;1.05700;1.05610
1.05750;1.05700;1.05790;1.05700
1.05760;1.05750;1.05780;1.05720
1.05750;1.05760;1.05790;1.05730
1.05830;1.05750;1.05850;1.05750
1.05790;1.05820;1.05950;1.05770
1.05790;1.05790;1.05830;1.05700
1.05840;1.05790;1.05860;1.05740
1.05690;1.05830;1.05870;1.05660
1.05560;1.05690;1.05700;1.05540
1.05610;1.05560;1.05680;1.05520
1.05580;1.05610;1.05750;1.05490
1.05510;1.05580;1.05640;1.05480
1.05380;1.05510;1.05600;1.05320
1.05300;1.05370;1.05430;1.05255
1.05370;1.05320;1.05380;1.05230
1.05500;1.05370;1.05540;1.05340
1.05355;1.05500;1.05510;1.05340
1.05360;1.05370;1.05380;1.05320
1.05360;1.05350;1.05380;1.05340
1.05370;1.05340;1.05375;1.05340
1.05380;1.05370;1.05400;1.05370
1.05390;1.05370;1.05400;1.05360
1.05390;1.05380;1.05400;1.05320
1.05370;1.05395;1.05420;1.05320
1.05350;1.05365;1.05400;1.05340
1.05340;1.05355;1.05370;1.05320
1.05330;1.05340;1.05350;1.05300
1.05335;1.05340;1.05350;1.05300
1.05405;1.05330;1.05430;1.05275
1.05375;1.05390;1.05490;1.05350
1.05360;1.05370;1.05430;1.05295
1.05440;1.05350;1.05460;1.05350
1.05520;1.05440;1.05530;1.05430
1.05580;1.05520;1.05655;1.05510
1.05760;1.05575;1.05800;1.05560
1.05760;1.05765;1.05810;1.05660
1.05690;1.05750;1.05790;1.05650
1.05690;1.05680;1.05790;1.05670
1.05960;1.05695;1.06150;1.05560
1.05985;1.05960;1.06065;1.05830
1.05810;1.05990;1.06050;1.05780
1.05890;1.05810;1.05910;1.05810
1.05810;1.05870;1.05890;1.05800
1.05830;1.05810;1.05870;1.05800
1.05810;1.05810;1.05835;1.05790
1.05870;1.05790;1.05870;1.05780
1.05770;1.05870;1.05870;1.05740
1.05730;1.05750;1.05770;1.05680
1.05785;1.05720;1.05800;1.05710
1.05770;1.05780;1.05810;1.05735
1.05750;1.05770;1.05770;1.05725
1.05730;1.05750;1.05790;1.05720
1.05740;1.05700;1.05770;1.05645
1.05700;1.05740;1.05770;1.05680
1.05880;1.05710;1.05960;1.05680
1.05900;1.05870;1.05930;1.05790
1.05840;1.05890;1.05930;1.05830
1.05920;1.05850;1.05990;1.05850
1.05840;1.05910;1.05930;1.05650
1.05800;1.05850;1.05950;1.05790
1.05880;1.05790;1.06000;1.05720
1.05910;1.05880;1.05960;1.05870
1.05880;1.05910;1.05910;1.05810
1.05960;1.05900;1.06040;1.05880
1.05920;1.05960;1.05965;1.05865
1.05920;1.05930;1.05950;1.05890